like1,parP0,parHs,parD,parr,parphi_soil_top,parphi_weathered_top,parphi_fresh,simulation_0,chain
4.374435,0.00017775885,0.57538503,0.0011052325,0.9242407,0.498478,0.40726876,0.060221653,4.374435,0.0
1.8401519,7.609992e-05,0.3718081,0.00037429293,0.26802975,0.5152925,0.4047673,0.07255464,1.8401519,0.0
1.2222857,0.00018211216,0.31740037,0.0014192644,0.57577753,0.55421823,0.42817035,0.09500787,1.2222857,0.0
1.4425135,0.00011393483,0.56255347,0.00034691076,0.45578793,0.5538033,0.44294378,0.08247011,1.4425135,0.0
1.6632476,8.441667e-05,0.97405577,0.0005912612,0.4166358,0.52809805,0.38901255,0.062241465,1.6632476,0.0
4.1133013,0.00012144748,0.15152176,0.00050800596,0.8695045,0.50619817,0.33696777,0.055824537,4.1133013,0.0
3.2425542,0.0001277813,0.31747127,0.00049465406,0.8098382,0.4782532,0.38790476,0.06386714,3.2425542,0.0
1.6199799,0.00018310425,0.41459554,0.0014280551,0.38404414,0.57499,0.4306385,0.08482078,1.6199799,0.0
2.2985463,7.306875e-05,0.14269736,0.00043802647,0.76858544,0.5551836,0.35555866,0.08217249,2.2985463,0.0
1.7755659,0.00010370302,0.1438756,0.0014546923,0.5879159,0.46953082,0.30558982,0.08054575,1.7755659,0.0
2.7311726,6.609602e-05,0.99828136,0.001647953,0.6465441,0.45732504,0.41879293,0.052867226,2.7311726,0.0
1.3909925,0.00011971171,0.9340913,0.00090338715,0.3830532,0.567561,0.34523338,0.0815894,1.3909925,0.0
1.6560284,0.00014196454,0.97067314,0.0019502068,0.75622106,0.4607636,0.42339134,0.09565085,1.6560284,0.0
1.4876603,7.511578e-05,0.9854894,0.0011127406,0.67059743,0.4719547,0.29092473,0.09994108,1.4876603,0.0
2.0172818,0.00016927766,0.4582412,0.0015106059,0.32897565,0.47291923,0.42593172,0.09540337,2.0172818,0.0
1.454251,0.00012078174,0.87492764,0.0006994759,0.38117957,0.45494828,0.37747797,0.0798475,1.454251,0.0
1.733328,0.00015906354,0.91959155,0.0002929679,0.43504724,0.51207596,0.399328,0.0596482,1.733328,0.0
3.224941,0.00014556633,0.82412565,0.0014379494,0.71906346,0.4869035,0.25781462,0.059785917,3.224941,0.0
1.4984225,0.0001820827,0.9488135,0.00062938494,0.4479369,0.5789055,0.34927014,0.071039096,1.4984225,0.0
1.9951333,0.00015874072,0.58776504,0.0014071936,0.5673215,0.5706207,0.44843182,0.060597587,1.9951333,0.0
2.4156702,0.00018333174,0.13986933,0.0004426901,0.85338223,0.56280833,0.29516476,0.09709921,2.4156702,0.0
1.2586721,8.2767925e-05,0.15288895,0.0012594782,0.49490228,0.49105135,0.3843407,0.09178049,1.2586721,0.0
1.3952614,7.853778e-05,0.41851503,0.0006825354,0.3228648,0.5837439,0.30812317,0.08651671,1.3952614,0.0
1.6969557,0.0001479202,0.6037142,0.000789263,0.3031632,0.5334719,0.34162942,0.05840419,1.6969557,0.0
1.5005602,0.00019703986,0.47403565,0.0006108391,0.43458474,0.5934895,0.39587396,0.09398035,1.5005602,0.0
1.8703218,0.00013140238,0.8099161,0.0014525127,0.30258414,0.47005153,0.28053483,0.056351066,1.8703218,0.0
2.2338471,0.00010750231,0.28584233,0.0010824241,0.5345298,0.48701182,0.25051647,0.06942987,2.2338471,0.0
1.9033821,0.00018176924,0.2551288,0.00013583989,0.5854056,0.52781814,0.43885157,0.06586384,1.9033821,0.0
1.7091445,0.00011689658,0.9263546,0.00076130335,0.5202414,0.4955077,0.3942152,0.0670018,1.7091445,0.0
3.4775708,6.315616e-05,0.49981984,0.00034062564,0.8119965,0.5045771,0.44356656,0.0562491,3.4775708,0.0
2.061231,0.00014087291,0.55827725,0.0012426551,0.4051702,0.57698417,0.31209195,0.054060094,2.061231,0.0
1.626771,0.00018811168,0.20927145,0.00084820617,0.7033201,0.47545865,0.3468268,0.095309675,1.626771,0.0
1.5231355,0.00015869852,0.1631706,0.0009610701,0.5704768,0.5319703,0.25670016,0.09203549,1.5231355,0.0
1.2894014,0.00017233241,0.8036863,0.00060700974,0.5691282,0.51577413,0.27214962,0.097562276,1.2894014,0.0
2.8731616,5.344313e-05,0.9957665,0.00039690486,0.8366154,0.587389,0.4163293,0.074203305,2.8731616,0.0
3.5992637,3.6831443e-05,0.4343471,0.0010971004,0.8274164,0.56914884,0.38839376,0.057852905,3.5992637,0.0
2.5841587,3.1774845e-05,0.7888181,0.0006441705,0.82361937,0.5527228,0.37705848,0.08200966,2.5841587,0.0
1.6650845,0.00018378382,0.88776076,0.00011697626,0.416415,0.5716661,0.4024931,0.06152483,1.6650845,0.0
1.820341,0.00012070697,0.21946168,0.00010762115,0.48567218,0.5412579,0.2748645,0.071836054,1.820341,0.0
2.6251113,7.65662e-05,0.93507534,0.0001343264,0.59654605,0.59156626,0.36684403,0.050639696,2.6251113,0.0
2.3801265,8.6025226e-05,0.20756593,0.0004693549,0.70716995,0.45065686,0.43456623,0.069295935,2.3801265,0.0
2.4424188,7.853425e-05,0.4536198,0.00056285923,0.81474787,0.57666504,0.33502778,0.08620774,2.4424188,0.0
1.4032849,0.00018025665,0.2945755,0.0010152741,0.4349417,0.48201218,0.3887363,0.092582315,1.4032849,0.0
2.2448409,3.382895e-05,0.5588733,0.0019425739,0.6571375,0.50836545,0.37214208,0.069845065,2.2448409,0.0
2.1227555,0.00015689757,0.14512643,0.0016568521,0.39348808,0.5469988,0.3060402,0.052948967,2.1227555,0.0
2.7972028,3.8744296e-05,0.9303832,0.00029344723,0.74657434,0.47983682,0.26388872,0.073180206,2.7972028,0.0
2.4119692,0.00017476076,0.7603371,0.00034741362,0.58997756,0.4822602,0.33896366,0.058163915,2.4119692,0.0
4.1405134,0.00014354866,0.816277,0.0011788007,0.8630062,0.52558136,0.2577593,0.0534843,4.1405134,0.0
3.59218,4.2789703e-05,0.18611228,0.0012746222,0.7911994,0.5404768,0.39043644,0.052388016,3.59218,0.0
1.5976892,0.00010565819,0.59830034,0.0015066684,0.7193988,0.5299472,0.38605276,0.0955278,1.5976892,0.0
3.9674127,3.447871e-05,0.580451,0.00041108954,0.7950826,0.4685044,0.2679926,0.050432105,3.9674127,0.0
1.2332578,0.0001572808,0.7706123,0.0011327058,0.5463304,0.5112641,0.3455481,0.09248916,1.2332578,0.0
1.3020461,6.145207e-05,0.57421064,0.0011487141,0.31762964,0.48361984,0.27040985,0.096476644,1.3020461,0.0
1.2801038,0.00012383457,0.39121166,0.00049090263,0.5372794,0.5156573,0.4235999,0.08819547,1.2801038,0.0
1.5875404,3.437765e-05,0.7607759,0.0014659471,0.40230238,0.5074551,0.4304364,0.0659411,1.5875404,0.0
2.0007985,8.988311e-05,0.74293315,0.0010899967,0.7682982,0.59857535,0.44513685,0.085435145,2.0007985,0.0
2.0494702,6.457278e-05,0.14947452,0.0014074653,0.5857892,0.5461471,0.42469895,0.06292581,2.0494702,0.0
2.3472803,0.00016752645,0.5168503,0.0007505476,0.578543,0.5934922,0.43861634,0.0523236,2.3472803,0.0
1.3504941,4.1458334e-05,0.87079567,0.00085697323,0.6075928,0.534771,0.29920462,0.09660087,1.3504941,0.0
3.8862054,0.00012308308,0.179855,0.00045800183,0.81529874,0.5287853,0.35593313,0.05005884,3.8862054,0.0
2.0842285,0.0001716395,0.86638343,0.00056917605,0.5890801,0.45151624,0.34417993,0.066049375,2.0842285,0.0
3.1838372,0.00010046975,0.92211646,0.0018822271,0.94027096,0.45286992,0.28777024,0.09148065,3.1838372,0.0
1.6608777,0.00018013747,0.27718008,0.000113549664,0.28904933,0.49863052,0.3253412,0.060310725,1.6608777,0.0
4.442448,0.00018559914,0.6892593,0.0011034291,0.9220161,0.54910916,0.33804673,0.057246063,4.442448,0.0
2.2370741,4.4584693e-05,0.8522078,0.0013054566,0.58489114,0.46166,0.2803036,0.07003547,2.2370741,0.0
1.5411162,0.00015229425,0.4718658,0.000447935,0.4733819,0.5312753,0.3262187,0.07378647,1.5411162,0.0
2.54829,6.964115e-05,0.5302688,0.0004151622,0.57846135,0.5703693,0.368772,0.05171312,2.54829,0.0
2.8129592,0.00014283934,0.34712923,0.0006204394,0.8076076,0.5270411,0.31464732,0.07703315,2.8129592,0.0
2.706648,0.00010643445,0.4896654,0.0006950286,0.738255,0.5798912,0.3075097,0.07045645,2.706648,0.0
1.9228567,0.00011895837,0.66679245,0.00127015,0.32823285,0.47566184,0.25795838,0.05980531,1.9228567,0.0
1.7763263,0.00015475,0.9419317,0.0014487787,0.3377762,0.59084225,0.35035676,0.055184506,1.7763263,0.0
1.7732207,0.000112013375,0.22204283,0.0007379433,0.28126097,0.48379356,0.37968448,0.055494014,1.7732207,0.0
2.219192,8.1032485e-05,0.81948245,0.00036124123,0.7934726,0.47140387,0.41289732,0.08506982,2.219192,0.0
1.7970415,9.843972e-05,0.9287802,0.0013846047,0.6943122,0.56665224,0.3949808,0.082821466,1.7970415,0.0
4.6272893,6.6140215e-05,0.6782795,0.0018776784,0.91256475,0.5431657,0.30361807,0.05296092,4.6272893,0.0
1.7108461,0.0001890176,0.91936564,0.0015717697,0.59175915,0.5130888,0.3841768,0.073693976,1.7108461,0.0
3.2830255,0.00019372052,0.44919086,0.0006227272,0.8749426,0.48029342,0.37317455,0.07595976,3.2830255,0.0
2.0294049,0.00013904193,0.68236804,0.00061534514,0.7788091,0.57235515,0.39369926,0.08788356,2.0294049,0.0
2.5875666,0.00018586077,0.5493504,0.00070069666,0.71539235,0.5461014,0.30798593,0.070830524,2.5875666,0.0
2.8373346,5.8570047e-05,0.24952754,0.0010046434,0.62348783,0.45545813,0.31867746,0.05536163,2.8373346,0.0
1.3085437,0.00011420393,0.24433817,0.00041587325,0.30791727,0.50734484,0.27273294,0.09246462,1.3085437,0.0
4.112884,9.5515876e-05,0.297065,0.00018557688,0.8379752,0.55408984,0.30854613,0.05022357,4.112884,0.0
2.1344361,0.0001846693,0.5127672,0.0006163861,0.2829757,0.49369583,0.37099838,0.099536054,2.1344361,0.0
3.3588176,0.00014498025,0.9378572,0.0011612547,0.78666836,0.58289015,0.27692106,0.059516024,3.3588176,0.0
3.3467758,0.00013306293,0.70262265,0.001380996,0.8950871,0.5701672,0.31988162,0.0786632,3.3467758,0.0
1.5133625,7.4784446e-05,0.44128758,0.0008267792,0.6438368,0.5646653,0.26454815,0.09902706,1.5133625,0.0
1.3258569,0.00017564456,0.8375615,0.0016931455,0.5759461,0.48618093,0.2785294,0.09669188,1.3258569,0.0
2.6245327,0.00015261232,0.5215725,0.0018006442,0.74532634,0.5944866,0.4404426,0.066878036,2.6245327,0.0
1.2127278,6.288929e-05,0.35435772,0.0016181205,0.60595006,0.54334885,0.38517693,0.09896516,1.2127278,0.0
1.5673441,8.7141954e-05,0.36551103,0.0012673902,0.39521712,0.51658815,0.4313305,0.06810071,1.5673441,0.0
2.9455788,0.0001308017,0.32888588,0.0018111031,0.66794664,0.47114548,0.28839535,0.06083634,2.9455788,0.0
2.3249075,8.7278044e-05,0.7898888,0.0015885052,0.45059857,0.46985745,0.32093853,0.050762314,2.3249075,0.0
2.2475238,8.9704416e-05,0.9942109,0.001890661,0.7291356,0.5837654,0.28685465,0.082636155,2.2475238,0.0
2.405711,0.00014402055,0.33292127,0.0002689256,0.7368223,0.47904763,0.30814138,0.07909907,2.405711,0.0
2.0934498,9.981691e-05,0.72201157,0.0003895798,0.39568323,0.4808604,0.32347062,0.051421776,2.0934498,0.0
2.316153,4.5139263e-05,0.49482644,0.0014325588,0.5693123,0.47587934,0.27674666,0.06724269,2.316153,0.0
1.9548213,3.1222185e-05,0.17674623,0.0018942667,0.43442944,0.533958,0.44495028,0.051558107,1.9548213,0.0
1.6827478,5.2261123e-05,0.5044027,0.0018696878,0.30341807,0.52698946,0.3653478,0.059106972,1.6827478,0.0
2.4739342,0.00012937622,0.59385896,0.0015793273,0.46936476,0.573353,0.29231218,0.051130623,2.4739342,0.0
1.6412842,0.00015114459,0.32692307,0.000525558,0.43349236,0.5974738,0.44759262,0.06348916,1.6412842,0.0
1.3448975,0.00011244846,0.28267902,0.0010045148,0.49661475,0.56439275,0.3760158,0.081544,1.3448975,0.0
2.099637,0.00018113783,0.7968472,0.00072971947,0.45281294,0.46736002,0.30361816,0.057399943,2.099637,0.0
1.7127692,0.00017603477,0.783654,0.0009439313,0.28939885,0.5622433,0.38925532,0.0687295,1.7127692,0.0
3.570723,0.00015183279,0.20156144,0.0019346725,0.889846,0.4892744,0.40219632,0.07300373,3.570723,0.0
1.923223,8.807179e-05,0.24300508,0.0003095844,0.48146656,0.45833048,0.4443842,0.0558257,1.923223,0.0
2.6618958,7.30798e-05,0.57395285,0.0002845892,0.6428518,0.5544277,0.4407433,0.05187554,2.6618958,0.0
2.2277374,7.286134e-05,0.25742906,0.0011770291,0.8168273,0.51745325,0.42543247,0.09036412,2.2277374,0.0
2.732545,4.926436e-05,0.9669433,0.0007411814,0.7909312,0.5541002,0.33413145,0.07421996,2.732545,0.0
1.9653416,0.00012581142,0.51815236,0.0018540506,0.48115528,0.5664122,0.3069308,0.06402818,1.9653416,0.0
2.731541,0.00013569482,0.8479932,0.00074102957,0.7129654,0.50103503,0.44182312,0.05846541,2.731541,0.0
2.2901888,4.7047215e-05,0.873695,0.0018690852,0.43442428,0.49247327,0.27411598,0.05613478,2.2901888,0.0
2.519668,0.00015546718,0.47455302,0.0017285993,0.5374897,0.5856521,0.26928028,0.059122328,2.519668,0.0
2.7635539,0.00017307814,0.93511087,0.0011713261,0.6447663,0.49571115,0.38710475,0.051591888,2.7635539,0.0
1.4672879,7.395804e-05,0.5171405,0.0011964317,0.38509122,0.5651584,0.36793578,0.088777296,1.4672879,0.0
1.4638213,0.00011445057,0.54004496,0.0006044837,0.71215224,0.5904701,0.42936867,0.095678836,1.4638213,0.0
1.4049858,0.000112564674,0.79451793,0.0013754105,0.4638073,0.5095164,0.3196325,0.07890051,1.4049858,0.0
2.9417858,9.878589e-05,0.49920794,0.00015984959,0.7866287,0.46419385,0.4250589,0.06607071,2.9417858,0.0
4.5831833,3.850627e-05,0.68316853,0.000606225,0.93387187,0.49577722,0.37210026,0.05768703,4.5831833,0.0
2.5477538,0.00016663862,0.68930763,0.0005604863,0.8419343,0.49698582,0.43092728,0.08370662,2.5477538,0.0
1.3442662,5.1247902e-05,0.3745849,0.0007563245,0.27593452,0.47849444,0.27365184,0.077879235,1.3442662,0.0
4.1562014,0.00015998271,0.700067,0.0011893162,0.92138684,0.58437914,0.37028402,0.06368323,4.1562014,0.0
1.4287498,0.00017041154,0.21927734,0.0018574821,0.38139468,0.48986226,0.3650004,0.08952326,1.4287498,0.0
3.7055557,0.00010179742,0.7938285,0.0019082988,0.8897258,0.5441963,0.2535539,0.07070212,3.7055557,0.0
1.8202074,9.3141745e-05,0.55759996,0.001556881,0.50238144,0.4910062,0.41410923,0.062250372,1.8202074,0.0
2.050503,6.639268e-05,0.22287384,0.0005177756,0.6488233,0.4881964,0.4365942,0.06951303,2.050503,0.0
1.3366785,0.00015283097,0.8045663,0.00024928676,0.3303768,0.5619125,0.28414935,0.0798821,1.3366785,0.0
1.8947245,0.00017118154,0.40232676,0.00033932718,0.63632125,0.52499557,0.36062482,0.07602662,1.8947245,0.0
2.3089478,0.00016697086,0.7141894,0.0019662797,0.6339105,0.5748314,0.40202647,0.061878473,2.3089478,0.0
1.533177,7.763757e-05,0.6335353,0.0004110064,0.43526822,0.46283677,0.42813367,0.092530526,1.533177,0.0
3.207532,0.000119794015,0.4150954,0.0013045488,0.81732273,0.5004347,0.38094926,0.066479735,3.207532,0.0
2.038538,0.00014351917,0.16118972,0.0009705425,0.6857786,0.4950593,0.40592945,0.0764906,2.038538,0.0
2.5398943,0.0001623002,0.18427688,0.0018881336,0.64190364,0.48054394,0.32021335,0.06496344,2.5398943,0.0
3.0832236,0.00012693436,0.47900257,0.0010464528,0.7533289,0.5037254,0.26556227,0.067250356,3.0832236,0.0
2.1389606,0.0001063618,0.6477342,0.0007668109,0.39888108,0.55690825,0.31398156,0.051066253,2.1389606,0.0
3.9401908,0.00017396412,0.39421147,0.0011644581,0.8706539,0.56739265,0.2996573,0.06096263,3.9401908,0.0
1.5563781,0.0001432243,0.69848835,0.00052581873,0.3709368,0.5702326,0.34388605,0.095048256,1.5563781,0.0
2.6187778,0.000149199,0.93524677,0.0016675706,0.66164535,0.47130716,0.25642306,0.069132596,2.6187778,0.0
2.649703,0.00016243353,0.13819961,0.0014729812,0.7943209,0.45530456,0.441108,0.07528702,2.649703,0.0
1.4238018,0.00018862395,0.7567851,0.00045492064,0.5182278,0.5478873,0.32221472,0.08092904,1.4238018,0.0
3.1374013,5.0558476e-05,0.9258601,0.0018671434,0.8019761,0.53629583,0.42798737,0.062959,3.1374013,0.0
3.8367367,4.5178967e-05,0.9102736,0.00023387221,0.89850837,0.5549976,0.28745708,0.06914606,3.8367367,0.0
1.973686,3.941892e-05,0.5903803,0.0009967511,0.4782351,0.58850926,0.30083978,0.06354037,1.973686,0.0
1.7055827,0.00016943745,0.40941817,0.0019735664,0.32260588,0.49727827,0.3750322,0.058152884,1.7055827,0.0
2.3820345,0.00018323194,0.14910658,0.0006233574,0.8309052,0.52768433,0.36504817,0.09039764,2.3820345,0.0
1.7651507,0.00016988104,0.3665622,0.00044332084,0.40236527,0.54364216,0.4367844,0.057067182,1.7651507,0.0
1.4446127,0.00015566936,0.51009583,0.0019522095,0.605664,0.5031846,0.3328017,0.09036383,1.4446127,0.0
1.7126269,0.00010482284,0.55526936,0.0019180558,0.7213975,0.5463921,0.399874,0.091288276,1.7126269,0.0
2.0302691,9.641279e-05,0.99485284,0.0013564646,0.81930774,0.55108225,0.3407764,0.096856564,2.0302691,0.0
1.2065411,3.6260408e-05,0.4116244,0.00017511964,0.5571272,0.5811286,0.330911,0.09957341,1.2065411,0.0
2.5311303,0.00011480132,0.40612578,0.0012624935,0.8539049,0.5541604,0.2658659,0.09588812,2.5311303,0.0
2.8992898,9.3322196e-05,0.64085037,0.0011372437,0.90215737,0.5348265,0.26802862,0.09523305,2.8992898,0.0
2.1601648,9.844214e-05,0.7171382,0.001436516,0.83388704,0.5166831,0.35189676,0.097255304,2.1601648,0.0
2.5599816,8.610167e-05,0.6152885,0.00016549067,0.6467995,0.5847945,0.3971561,0.056693874,2.5599816,0.0
2.0169992,9.366552e-05,0.6945846,0.0006161669,0.7990895,0.45135686,0.4092982,0.09277643,2.0169992,0.0
2.3394268,7.46903e-05,0.17209287,0.0018293426,0.533456,0.5706453,0.2634502,0.064549945,2.3394268,0.0
1.8196279,0.00018937858,0.5182368,0.0009077945,0.32979113,0.5227391,0.4450187,0.07921889,1.8196279,0.0
1.890044,0.00016946852,0.8735713,0.00085881306,0.33098608,0.45229864,0.38198382,0.09641871,1.890044,0.0
1.9735647,5.218838e-05,0.33551195,0.001008391,0.40338176,0.5042706,0.25375718,0.06467099,1.9735647,0.0
3.1863723,9.868749e-05,0.29784977,0.001976349,0.8165043,0.57911175,0.310693,0.07008345,3.1863723,0.0
1.5605763,0.00013282815,0.16589324,0.001639422,0.5864927,0.51878065,0.31527966,0.085754886,1.5605763,0.0
3.2566931,0.00016357671,0.2900194,0.0005668869,0.8677289,0.5168953,0.40599927,0.074275956,3.2566931,0.0
1.358889,4.8523234e-05,0.84873074,0.0017948828,0.28985304,0.59775305,0.25834477,0.09924741,1.358889,0.0
4.7391653,0.00012964605,0.30812398,0.00037614457,0.93334335,0.5512606,0.35962006,0.054060947,4.7391653,0.0
1.78801,0.00012445769,0.7759979,0.0010913573,0.39125586,0.5843933,0.27042362,0.06504047,1.78801,0.0
2.0156786,5.2449366e-05,0.25422,0.000390908,0.3341026,0.59238094,0.39630067,0.09771616,2.0156786,0.0
2.0971606,3.0059187e-05,0.9543656,0.001311096,0.2679479,0.46244833,0.43159977,0.08457016,2.0971606,0.0
1.549548,0.00015367966,0.9256166,0.0016838221,0.6493501,0.45621374,0.2768657,0.09623973,1.549548,0.0
3.030286,8.899526e-05,0.13520154,0.00061138615,0.9076521,0.53590447,0.39478302,0.09168687,3.030286,0.0
2.6480567,0.00010330351,0.38472977,0.0012529475,0.6424419,0.4669909,0.39462814,0.056324538,2.6480567,0.0
1.3650237,3.610023e-05,0.31755278,0.0017819266,0.4845497,0.52584547,0.44211566,0.08048839,1.3650237,0.0
2.9188414,8.2447004e-05,0.4182045,0.0019047343,0.61401993,0.46350762,0.3349932,0.051507477,2.9188414,0.0
1.8981278,8.148717e-05,0.29655427,0.00043384146,0.391187,0.50673187,0.27796552,0.06197153,1.8981278,0.0
1.2309635,0.00014691464,0.22120982,0.0015330125,0.4075246,0.48545387,0.25487423,0.091314025,1.2309635,0.0
3.292731,0.00012386657,0.99015254,0.0015654939,0.7684365,0.53558683,0.3236338,0.05708172,3.292731,0.0
2.1790376,0.00010613296,0.51262784,0.0008515366,0.32708737,0.46652237,0.44512072,0.096927285,2.1790376,0.0
1.9965647,0.00018953523,0.4875423,0.0017453692,0.33545652,0.55419946,0.40871486,0.09761286,1.9965647,0.0
1.3247977,8.933183e-05,0.83585536,0.0016678232,0.43635195,0.4540534,0.27260414,0.08560294,1.3247977,0.0
1.4727812,0.00015714177,0.32312343,0.0015070696,0.26954627,0.54894596,0.3022143,0.08788272,1.4727812,0.0
1.8078314,0.00014164422,0.9461751,0.0016113297,0.28561828,0.51293105,0.3494541,0.092266716,1.8078314,0.0
1.466818,5.9362665e-05,0.40113997,0.0014053308,0.3657063,0.56395316,0.2605755,0.07596508,1.466818,0.0
1.4378877,0.000109027234,0.16940068,0.00198776,0.31148288,0.5579359,0.28394306,0.09985197,1.4378877,0.0
2.2157483,6.4667525e-05,0.40032837,0.00062691217,0.4448357,0.56814784,0.2645911,0.059153866,2.2157483,0.0
3.2033813,0.00012778326,0.7865088,0.0016875368,0.66407853,0.5369651,0.2997838,0.050863788,3.2033813,0.0
3.418168,0.00018279745,0.17208236,0.000323631,0.89533466,0.45690614,0.28451046,0.08065501,3.418168,0.0
1.2471906,5.814535e-05,0.1699491,0.0009049979,0.5183286,0.48608822,0.29682297,0.094028994,1.2471906,0.0
1.4295981,0.00017570949,0.13721667,0.0017567563,0.46386608,0.5863878,0.26155823,0.08464762,1.4295981,0.0
1.8083373,3.5611654e-05,0.1952019,0.00076886575,0.40459478,0.5056144,0.3997055,0.05628468,1.8083373,0.0
3.8041258,5.3256947e-05,0.32861254,0.0017872235,0.9398974,0.5266923,0.3748995,0.0758412,3.8041258,0.0
1.7602696,0.00015663145,0.6596452,0.0015061237,0.4000693,0.56422836,0.4386974,0.09455448,1.7602696,0.0
1.6430207,0.0001838951,0.19384065,0.000988869,0.34103706,0.4896561,0.4224606,0.06729063,1.6430207,0.0
2.4244425,7.8361314e-05,0.22597596,0.001237812,0.8233125,0.5857647,0.2920251,0.09146092,2.4244425,0.0
2.4602194,3.160279e-05,0.2853254,0.0010964227,0.65125597,0.4545471,0.30489385,0.068979196,2.4602194,0.0
1.7333418,0.00010560668,0.1437676,0.0009425491,0.2835722,0.5059845,0.3631796,0.085603654,1.7333418,0.0
4.4433703,8.521673e-05,0.17169055,0.0014558156,0.9031001,0.57242376,0.3357862,0.055721175,4.4433703,0.0
2.2382815,0.00013947955,0.9503047,0.0018931703,0.7665011,0.5230638,0.34298605,0.08299961,2.2382815,0.0
1.8424186,0.00013313188,0.19631419,0.0015541745,0.39852372,0.5714829,0.30019343,0.061539788,1.8424186,0.0
3.804847,0.00014486173,0.6404484,0.0008164548,0.88706374,0.49155012,0.37433088,0.06490699,3.804847,0.0
2.0770843,0.00011844432,0.6951715,0.001151878,0.54451597,0.5451064,0.37799117,0.05990953,2.0770843,0.0
3.3945704,0.00017641361,0.7505048,0.0018363488,0.88013214,0.4583616,0.25190863,0.076540984,3.3945704,0.0
1.3740965,0.00015117995,0.27456227,0.0007883595,0.48838618,0.5489224,0.37324676,0.07959293,1.3740965,0.0
2.0476184,9.266473e-05,0.39734632,0.0005357503,0.62181705,0.5305711,0.44616702,0.06550085,2.0476184,0.0
1.203642,0.00014815816,0.3150467,0.00021188149,0.42849845,0.5683678,0.2740868,0.0975024,1.203642,0.0
1.7356344,0.00019837597,0.49222767,0.00034970202,0.30179137,0.5613904,0.2665689,0.06164104,1.7356344,0.0
2.0252516,0.0001977095,0.8487252,0.00138968,0.28104952,0.5575449,0.27017844,0.05050163,2.0252516,0.0
1.6047388,3.9678693e-05,0.660123,0.0012045489,0.7025016,0.5059464,0.44872043,0.08952043,1.6047388,0.0
1.8624278,0.00015736496,0.83622414,0.0008734798,0.5733697,0.5112796,0.42654535,0.06521869,1.8624278,0.0
3.5660837,0.00019432572,0.31074527,0.001032249,0.9102737,0.49624312,0.43467426,0.07834879,3.5660837,0.0
2.9973047,0.00012805477,0.61581534,0.0018766376,0.9109432,0.59586257,0.39431286,0.09173385,2.9973047,0.0
2.459093,6.902253e-05,0.46562368,0.001443385,0.6295465,0.5808826,0.36501187,0.06052057,2.459093,0.0
2.3548114,0.00016862254,0.88595897,0.000100171375,0.5799232,0.5004662,0.37761897,0.054668758,2.3548114,0.0
1.4819729,0.00015975551,0.6912185,0.00026343076,0.53070086,0.5557219,0.3529349,0.07764649,1.4819729,0.0
2.9631803,9.866391e-05,0.56197816,0.0007961915,0.9119092,0.50122803,0.37491426,0.094929546,2.9631803,0.0
1.3537307,0.00014687744,0.15652438,0.0006577692,0.4828603,0.5665886,0.35646236,0.08086592,1.3537307,0.0
1.3147572,0.00018246674,0.8737233,0.0018676997,0.28946492,0.55179363,0.25963184,0.07879562,1.3147572,0.0
1.8121867,0.00010656783,0.3965629,0.00021915164,0.361841,0.4720841,0.2817002,0.062060107,1.8121867,0.0
1.9970391,9.847547e-05,0.65477365,0.0014888858,0.25997427,0.56248355,0.3756583,0.089414045,1.9970391,0.0
1.8137988,0.000112152426,0.41429883,0.00058707246,0.69795626,0.5407067,0.41884157,0.08300066,1.8137988,0.0
2.5538857,4.095139e-05,0.21632864,0.0002213461,0.46053758,0.4958398,0.25319824,0.054317765,2.5538857,0.0
1.7326093,0.00018633687,0.3957776,0.000563824,0.28692496,0.549371,0.39223987,0.0725569,1.7326093,0.0
2.4485137,0.00011968574,0.66577953,0.0017150625,0.83760905,0.5893645,0.3910169,0.087466374,2.4485137,0.0
2.5392814,9.466993e-05,0.15319794,0.0018674053,0.4066479,0.5038478,0.25462493,0.050944433,2.5392814,0.0
3.4847693,0.00010230903,0.75945675,0.0013755331,0.92922246,0.47851056,0.33677799,0.08307019,3.4847693,0.0
2.9913876,7.281217e-05,0.63249564,0.0019222904,0.59141976,0.5845279,0.28189084,0.05121694,2.9913876,0.0
2.1805835,0.00014385894,0.7657969,0.0013393617,0.8535934,0.53067756,0.41393632,0.09720522,2.1805835,0.0
2.5501978,0.0001949577,0.58862555,0.001694626,0.6410836,0.5425582,0.2839662,0.06629578,2.5501978,0.0
2.4676502,0.000113532486,0.47104204,0.00022366291,0.53440017,0.47302806,0.2578317,0.06194227,2.4676502,0.0
1.580144,4.0062318e-05,0.7752057,0.0007626363,0.3292877,0.5592563,0.32011488,0.064736664,1.580144,0.0
1.8833337,0.00016402687,0.4686351,0.00032664236,0.53981096,0.4650113,0.31379914,0.07067724,1.8833337,0.0
1.5835035,0.00013015646,0.7006437,0.0011967157,0.3786601,0.5005853,0.43710178,0.074446954,1.5835035,0.0
1.8090636,0.00011666469,0.7120603,0.00014251818,0.43946552,0.50063634,0.43421063,0.05657315,1.8090636,0.0
2.1540272,7.8596124e-05,0.5521405,0.0007512366,0.65381,0.5762943,0.36092266,0.07072767,2.1540272,0.0
2.9601288,0.00017015211,0.96837425,0.0017593056,0.72758967,0.59925485,0.33762783,0.05873199,2.9601288,0.0
1.5774018,7.841033e-05,0.483777,0.0018473595,0.35458523,0.5498396,0.32658467,0.06565436,1.5774018,0.0
2.0790896,0.0001665529,0.40331692,0.00059948146,0.26915282,0.5937322,0.39702702,0.087777056,2.0790896,0.0
2.1901112,0.00014677236,0.23198463,0.0018162809,0.67793363,0.46616015,0.3957797,0.073062964,2.1901112,0.0
1.3840971,0.00012141321,0.7138027,0.00011560543,0.4601374,0.531587,0.40434828,0.085007645,1.3840971,0.0
3.6663465,7.3345385e-05,0.15338564,0.0019103686,0.8211542,0.5973764,0.34226435,0.057315882,3.6663465,0.0
4.137367,0.00016847825,0.1356901,0.00070952764,0.8579518,0.5726795,0.26139158,0.05537292,4.137367,0.0
2.65009,8.644628e-05,0.95174545,0.0013481607,0.684624,0.5415853,0.26256546,0.06972681,2.65009,0.0
1.717819,0.0001337303,0.5418946,0.0019931442,0.5536618,0.46512118,0.328692,0.07647469,1.717819,0.0
1.5216999,4.698967e-05,0.61217433,0.0013132904,0.44773585,0.55626297,0.44086215,0.06971703,1.5216999,0.0
4.089368,9.951868e-05,0.6722114,0.00050571014,0.9003705,0.45273295,0.44627512,0.06149899,4.089368,0.0
1.7069412,5.933434e-05,0.9306779,0.0010869702,0.69601387,0.5764477,0.40631247,0.085770115,1.7069412,0.0
1.3035345,0.00010612765,0.2705011,0.0013737928,0.62020814,0.52917755,0.3592227,0.09575133,1.3035345,0.0
1.8707985,0.00010476915,0.5974908,0.001919693,0.651155,0.5707815,0.29458627,0.08473849,1.8707985,0.0
2.5872722,0.00011925922,0.17578141,0.0005086783,0.51199347,0.5397949,0.27534246,0.05423208,2.5872722,0.0
3.6776388,0.00018164082,0.9841712,0.0012862745,0.9362933,0.48388258,0.31507012,0.074812695,3.6776388,0.0
1.4561037,0.00012836684,0.886573,0.0019626666,0.26295772,0.49017045,0.31196767,0.07586816,1.4561037,0.0
2.9218946,7.6396296e-05,0.61763036,0.0019241105,0.76667815,0.47498602,0.38293958,0.06617951,2.9218946,0.0
1.8890393,4.8809216e-05,0.4691812,0.0015689355,0.27845976,0.5902194,0.42609978,0.051285673,1.8890393,0.0
1.2566592,0.00012650328,0.9696169,0.0014194187,0.5994351,0.5844659,0.29768524,0.09951382,1.2566592,0.0
1.6743902,5.492742e-05,0.6746457,0.0012590139,0.37657478,0.4793973,0.35118353,0.061872452,1.6743902,0.0
1.6097696,0.000116278185,0.71720624,0.00055822515,0.3580708,0.4835174,0.41689676,0.06934578,1.6097696,0.0
2.4275289,0.00010137845,0.73779184,0.0014061922,0.65096486,0.52950615,0.31378162,0.06739115,2.4275289,0.0
1.5535307,0.00013402138,0.49187535,0.00047534145,0.33823088,0.58870935,0.33376083,0.09194296,1.5535307,0.0
2.4978755,0.00019951072,0.97123545,0.00048240813,0.90244204,0.5346858,0.27935368,0.09134389,2.4978755,0.0
2.1998234,4.1062278e-05,0.45539674,0.0017215504,0.8197838,0.51590645,0.358249,0.09482629,2.1998234,0.0
3.8200676,0.0001567384,0.43966874,0.0017815552,0.89843166,0.53037316,0.40158,0.068563774,3.8200676,0.0
2.6186998,0.00011374933,0.44561967,0.0018643829,0.56524366,0.49664125,0.32567298,0.054082397,2.6186998,0.0
2.771155,0.00010590052,0.15810657,0.0010411975,0.71723235,0.596636,0.40815794,0.061023764,2.771155,0.0
2.8860698,6.739331e-05,0.47644866,0.0013547938,0.5828329,0.5391191,0.29245695,0.05192869,2.8860698,0.0
3.835443,4.3228498e-05,0.57455385,0.0009424596,0.9275508,0.5475187,0.33604026,0.0750965,3.835443,0.0
1.9838177,8.396411e-05,0.7533029,0.0017873821,0.44423777,0.50413585,0.31209162,0.06003692,1.9838177,0.0
4.4430275,0.00017097127,0.58730716,0.0018270201,0.9085629,0.49723592,0.39657456,0.055146996,4.4430275,0.0
1.4119549,0.000100962825,0.16364895,0.00011539307,0.47410834,0.53280145,0.30928215,0.080537006,1.4119549,0.0
2.8946347,0.00019684694,0.5410523,0.00048189485,0.85405844,0.5797056,0.43194103,0.07793918,2.8946347,0.0
1.2476915,8.994808e-05,0.5579274,0.0015116679,0.31765062,0.53768593,0.25123277,0.09837106,1.2476915,0.0
3.2583082,0.00017950608,0.5775476,0.0017238666,0.83956236,0.56825644,0.25442946,0.07328988,3.2583082,0.0
1.535008,4.7435493e-05,0.39965627,0.00042180228,0.31446138,0.53629524,0.3014545,0.097638205,1.535008,0.0
1.8345577,6.7921275e-05,0.44776946,0.0018798731,0.29382992,0.4749097,0.42195666,0.052828792,1.8345577,0.0
1.5732716,0.00015557383,0.36910552,0.00021893682,0.52419347,0.5552287,0.38181373,0.072953574,1.5732716,0.0
1.5085305,9.0733374e-05,0.81493074,0.00038914487,0.5444141,0.5518005,0.31326976,0.081229866,1.5085305,0.0
3.544852,0.00016460495,0.23423539,0.00046279054,0.73309207,0.59446234,0.25605726,0.053835247,3.544852,0.0
1.7876707,0.00019452338,0.841239,0.0010116769,0.6555162,0.56428915,0.32216346,0.08201436,1.7876707,0.0
2.3346646,0.00019502181,0.46577343,0.00197124,0.5478539,0.47581863,0.43037054,0.05186774,2.3346646,0.0
3.1630156,3.8821865e-05,0.3223047,0.00099302,0.75347406,0.5025322,0.28096834,0.064336784,3.1630156,0.0
1.341744,0.00015621654,0.8543452,0.0019525728,0.4371733,0.47816685,0.34464848,0.09830163,1.341744,0.0
1.2086452,0.00010321464,0.908542,0.00079172803,0.5676099,0.48221105,0.35167858,0.096260846,1.2086452,0.0
4.410692,0.00012730526,0.6802431,0.0004836446,0.90653193,0.5529796,0.30073774,0.056815155,4.410692,0.0
2.4123642,6.8289606e-05,0.6649755,0.0019608221,0.8764985,0.5514476,0.37668112,0.099863425,2.4123642,0.0
1.7339022,3.5106186e-05,0.1751425,0.0017381888,0.37667963,0.5652609,0.42427543,0.05771676,1.7339022,0.0
2.6647513,4.3269316e-05,0.14824297,0.0006973491,0.45563793,0.5408775,0.25764814,0.050239835,2.6647513,0.0
1.2567595,5.1068924e-05,0.16130595,0.00030887462,0.5394526,0.58159477,0.27368703,0.097406745,1.2567595,0.0
1.3436561,0.00015546338,0.26445353,0.0012485415,0.49167588,0.5501469,0.41279742,0.08159962,1.3436561,0.0
2.5917234,0.000105948355,0.4404979,0.0013473261,0.57576686,0.48239374,0.3713436,0.05170392,2.5917234,0.0
1.274838,0.00017404345,0.16661066,0.0017154175,0.48052242,0.5324926,0.3005979,0.08873323,1.274838,0.0
1.9469546,5.6960893e-05,0.6059367,0.001430654,0.29614258,0.58237433,0.4266054,0.08288808,1.9469546,0.0
1.2206935,0.00014125228,0.21878332,0.00092485175,0.42991498,0.46053642,0.29890501,0.091188826,1.2206935,0.0
1.522915,5.0811374e-05,0.74260414,0.0015520512,0.5234731,0.5902814,0.25114122,0.087733865,1.522915,0.0
1.9004232,0.00010342658,0.7068582,0.00043370316,0.26879248,0.50306433,0.41467035,0.0737692,1.9004232,0.0
3.7624857,8.5583044e-05,0.45488966,0.00053356786,0.90882856,0.5115776,0.25387934,0.07520295,3.7624857,0.0
1.5795599,0.00017762935,0.6309545,0.001217408,0.37630793,0.51129186,0.43061253,0.07195413,1.5795599,0.0
4.0876904,5.9244696e-05,0.8157267,0.0007495474,0.9373233,0.508228,0.32737678,0.06965852,4.0876904,0.0
4.1346297,0.00013924655,0.9219035,0.0015293211,0.9192013,0.59842974,0.2598147,0.06352436,4.1346297,0.0
1.9441972,6.520059e-05,0.5824997,0.0009996743,0.7242162,0.53251684,0.30566773,0.09031914,1.9441972,0.0
3.850074,0.00013459302,0.8814362,0.0017925448,0.9324464,0.59986144,0.28753603,0.072277136,3.850074,0.0
3.2030265,4.4263554e-05,0.40132365,0.00041604,0.8279721,0.523886,0.42763662,0.06640213,3.2030265,0.0
1.4419471,5.28079e-05,0.42232937,0.0009293024,0.44063148,0.46439087,0.42631146,0.08908649,1.4419471,0.0
1.5517254,0.00012981315,0.2411282,0.00064775354,0.40963155,0.540723,0.4117057,0.06813888,1.5517254,0.0
3.028179,8.519902e-05,0.70901656,0.0019453965,0.7387061,0.5097132,0.3981173,0.058561753,3.028179,0.0
1.5848063,0.00014908321,0.32773063,0.0013421314,0.41862285,0.54025644,0.33296552,0.06837478,1.5848063,1.0
2.8775728,0.00017840276,0.13066995,0.0018473632,0.865755,0.51709723,0.38682693,0.08495914,2.8775728,2.0
1.8690743,0.00016110326,0.7303424,0.000665537,0.6671737,0.5287899,0.30386958,0.08398505,1.8690743,3.0
1.6793579,0.00016603842,0.1850078,0.0005190461,0.32167676,0.499104,0.3740531,0.08690686,1.6793579,4.0
1.6744918,3.1321993e-05,0.81931204,0.0010866709,0.28924605,0.48679015,0.37230054,0.08024477,1.6744918,5.0
1.5777743,8.062075e-05,0.49337113,0.0011280021,0.4820245,0.495717,0.3170688,0.07466788,1.5777743,6.0
1.4169956,0.00013708624,0.63476807,0.0007166351,0.5260767,0.51641345,0.3165645,0.08335656,1.4169956,7.0
1.4139014,7.7924255e-05,0.6289188,0.0010464182,0.36591762,0.5080446,0.35286525,0.080609195,1.4139014,8.0
1.2816732,5.717127e-05,0.974284,0.00071442506,0.65463495,0.5067259,0.37147915,0.099253535,1.2816732,9.0
1.5755416,0.00018467214,0.3004342,0.00069433363,0.41585234,0.5354885,0.31335172,0.06977527,1.5755416,10.0
2.1526282,0.00014121077,0.93559057,0.00014303633,0.6689586,0.5371831,0.3850335,0.06845341,2.1526282,11.0
1.3742267,0.00010755831,0.16264491,0.0019435668,0.28837654,0.49200612,0.2711542,0.09827265,1.3742267,12.0
1.4717724,0.0001346988,0.65712994,0.0009737174,0.5159273,0.51804423,0.3678996,0.07677433,1.4717724,13.0
1.3876984,0.00013055792,0.40288317,0.0012080432,0.4385539,0.5325327,0.32110968,0.07835238,1.3876984,14.0
1.3153225,9.417082e-05,0.63454527,0.0006725706,0.45805988,0.48885995,0.37668177,0.089226075,1.3153225,15.0
1.6721314,0.00014340774,0.48529652,0.0012932427,0.6983596,0.5334333,0.30225906,0.096320316,1.6721314,1.0
1.9277805,0.00013783107,0.2901681,0.00080038613,0.62602526,0.4817112,0.25293955,0.085933805,1.9277805,2.0
1.5985442,8.998186e-05,0.30470654,0.0008920301,0.3964629,0.50964093,0.36993155,0.09914292,1.5985442,3.0
1.737447,0.00015063178,0.67873645,0.00015856329,0.31707805,0.5434813,0.2559277,0.063734315,1.737447,4.0
1.9688816,6.4094835e-05,0.6597155,0.0017706127,0.5869833,0.5388165,0.40917423,0.066185705,1.9688816,5.0
1.3156155,0.00012597811,0.35768658,0.00094768236,0.5199117,0.5069317,0.29975033,0.08973429,1.3156155,6.0
1.3949327,0.00015518555,0.5152737,0.0008101384,0.39837664,0.50967854,0.34971437,0.09116307,1.3949327,7.0
1.4270141,9.061552e-05,0.30305123,0.0015097152,0.5196919,0.58620566,0.33621675,0.08130137,1.4270141,8.0
1.379801,0.00013883674,0.5489602,0.0013718823,0.43847966,0.54759,0.37305352,0.09389874,1.379801,9.0
1.594332,6.951118e-05,0.51677877,0.0011595325,0.67691386,0.4754092,0.42598596,0.08743691,1.594332,10.0
1.2279881,0.00013197567,0.95117885,0.00038836495,0.5070674,0.4562444,0.34275278,0.09132232,1.2279881,11.0
1.6816955,0.00012381865,0.30956054,0.00028339433,0.2653073,0.50638354,0.32781786,0.05887382,1.6816955,12.0
1.2774843,0.00010107457,0.43043578,0.0009234221,0.46644822,0.5120904,0.35381296,0.0950874,1.2774843,13.0
1.2793031,0.0001070903,0.44100568,0.0012055545,0.5072286,0.5502346,0.33443156,0.087612905,1.2793031,14.0
1.2486274,0.0001805807,0.4265698,0.0011061989,0.51735365,0.49014333,0.28131276,0.09555861,1.2486274,15.0
2.227364,8.582656e-05,0.6258171,0.0015041913,0.56722426,0.56042176,0.31560293,0.06390127,2.227364,1.0
1.8000013,5.7943776e-05,0.81704634,0.000987966,0.49511626,0.4816158,0.44236764,0.06063714,1.8000013,2.0
1.6654356,0.00015904491,0.74816287,0.0013574632,0.5658232,0.4756895,0.26831254,0.084724024,1.6654356,3.0
1.2545068,0.0001991637,0.7444655,0.00030972736,0.52224565,0.48539418,0.2824242,0.09374844,1.2545068,4.0
1.8269753,0.00015693271,0.6016669,0.0015522353,0.5730736,0.48986977,0.39467514,0.069420084,1.8269753,5.0
1.3313843,0.00016181012,0.2214426,0.0013270088,0.53108704,0.5363873,0.4446611,0.099556625,1.3313843,6.0
1.5199239,0.00012283474,0.6356091,0.0013506404,0.5745518,0.53928256,0.3187083,0.08441179,1.5199239,7.0
1.4904938,9.9829216e-05,0.68993556,0.0008152908,0.48096514,0.49832314,0.4034858,0.07241772,1.4904938,8.0
1.3856932,6.338722e-05,0.3565512,0.00081200595,0.695112,0.5644332,0.4089104,0.09831148,1.3856932,9.0
1.488232,0.00014858408,0.6562073,0.0012613955,0.55532664,0.4995259,0.37651604,0.079133496,1.488232,10.0
1.3644804,0.00014173574,0.5536107,0.0006299489,0.48156542,0.517648,0.34662554,0.080470785,1.3644804,11.0
1.3100129,0.00011000144,0.96955526,0.00041926207,0.4054523,0.5983203,0.3176367,0.08727566,1.3100129,12.0
1.8675317,0.00013474864,0.8620512,0.0018615633,0.2659232,0.45711842,0.32114446,0.050834805,1.8675317,13.0
1.28056,0.00017377229,0.49186552,0.00087565515,0.38184673,0.5922014,0.28398916,0.097200796,1.28056,14.0
1.4470174,0.00015656205,0.4791423,0.0005518672,0.44030306,0.54727083,0.38756338,0.07399401,1.4470174,15.0
1.5093235,0.00013414522,0.20028712,0.00053912203,0.671409,0.53769094,0.37157157,0.09208871,1.5093235,1.0
1.2950284,6.301207e-05,0.8426041,0.0014558848,0.42408952,0.47887847,0.34574467,0.086605094,1.2950284,2.0
1.9155816,0.00012194101,0.30049813,0.00014780722,0.59161,0.5992076,0.4436548,0.065323964,1.9155816,3.0
1.2793655,8.037055e-05,0.7288456,0.00050973374,0.4186589,0.4947164,0.3209674,0.09195662,1.2793655,4.0
1.4783779,4.8938527e-05,0.23305787,0.0013241913,0.28068814,0.47823775,0.31530365,0.0701222,1.4783779,5.0
1.5075794,3.64658e-05,0.4393126,0.0018981192,0.28621417,0.55966717,0.25787666,0.07016223,1.5075794,6.0
1.814417,0.00016642068,0.19371647,0.0015071089,0.29225466,0.46049076,0.3004938,0.056078225,1.814417,7.0
1.4817877,9.758083e-05,0.37193644,0.0010330962,0.36378643,0.49694723,0.35707718,0.071189985,1.4817877,8.0
2.5692132,0.00012114037,0.8581831,0.0009431784,0.71329457,0.49695528,0.37674066,0.06599409,2.5692132,9.0
1.3940305,0.000100219055,0.40547675,0.00056362426,0.63835186,0.56219363,0.32376224,0.09576393,1.3940305,10.0
1.475859,0.00012842183,0.33776963,0.0013384667,0.37154743,0.4906476,0.32442465,0.07118673,1.475859,11.0
1.7385455,9.0801805e-05,0.5954383,0.0013007056,0.26411882,0.52695936,0.25085646,0.06178898,1.7385455,12.0
1.2761117,0.00017988631,0.32436925,0.00067039876,0.5405493,0.59561056,0.3225562,0.09076431,1.2761117,13.0
1.292954,0.00012358834,0.39229575,0.0007361483,0.5698757,0.5302966,0.36133578,0.09011947,1.292954,14.0
1.4512291,0.00010748866,0.51038855,0.0010313048,0.3643036,0.52826923,0.30276722,0.07273543,1.4512291,15.0
2.263844,0.000115339644,0.84359217,0.0010670362,0.7291194,0.5396566,0.2775668,0.08267377,2.263844,1.0
1.753357,0.00011580312,0.6642844,0.0011313801,0.61212176,0.53337055,0.32615617,0.08005643,1.753357,2.0
1.5593373,0.00010620613,0.58600533,0.0008841501,0.6312664,0.49041262,0.39018327,0.08387927,1.5593373,3.0
1.4527766,0.00013404129,0.77542084,0.0006689203,0.43012697,0.5436181,0.4160123,0.08217575,1.4527766,4.0
2.1404355,9.635396e-05,0.5049058,0.0006644334,0.6499208,0.51062566,0.41117027,0.068095095,2.1404355,5.0
1.5537541,0.00015135919,0.5591317,0.0010775261,0.32761446,0.5313474,0.344479,0.08884212,1.5537541,6.0
1.6384634,0.00014330038,0.3556993,0.0008451021,0.3635684,0.49997798,0.4313918,0.07982575,1.6384634,7.0
1.4537575,7.2149945e-05,0.37196326,0.0017563805,0.31107348,0.5474031,0.30351087,0.09438103,1.4537575,8.0
1.5840851,0.00017668381,0.57617754,0.0010370755,0.28001183,0.47608265,0.3306098,0.064136446,1.5840851,9.0
1.4631252,0.00012445489,0.28306463,0.0012824967,0.52079934,0.48851067,0.33290076,0.080854945,1.4631252,10.0
1.7668465,0.00014540799,0.31374386,0.0015473799,0.53980696,0.5079684,0.35130644,0.07128606,1.7668465,11.0
1.4319031,0.00015721464,0.47827893,0.0010912184,0.38404638,0.4926743,0.3455744,0.07384447,1.4319031,12.0
1.4431187,0.0001400107,0.37394166,0.0014054663,0.4918288,0.5129496,0.35958102,0.077289134,1.4431187,13.0
1.5669342,9.152951e-05,0.44466037,0.0013756236,0.3539228,0.5577496,0.39306504,0.06826355,1.5669342,14.0
1.2896448,0.00017948756,0.27719915,0.0007588866,0.5897147,0.46357223,0.33566415,0.09510581,1.2896448,15.0
1.812817,6.1018054e-05,0.5684966,0.0017697498,0.27556685,0.4899669,0.39515138,0.053340293,1.812817,1.0
1.7705084,0.00011534106,0.9023451,0.00013938668,0.42996716,0.5817029,0.3020382,0.06396966,1.7705084,2.0
1.6022731,9.6349264e-05,0.19974971,0.00095504586,0.6240297,0.54280245,0.39400804,0.081654474,1.6022731,3.0
1.6065081,9.7797456e-05,0.6264501,0.0012459855,0.3345892,0.5178821,0.37385777,0.06419562,1.6065081,4.0
1.4783024,0.00014577736,0.72984385,0.00085037923,0.37712845,0.4969863,0.3666679,0.08717265,1.4783024,5.0
1.8186214,3.5283094e-05,0.13678855,0.001421341,0.6133487,0.5660562,0.35748607,0.07638082,1.8186214,6.0
2.0821042,0.00014061072,0.8487737,0.0011312834,0.3106369,0.4685574,0.41991183,0.09339255,2.0821042,7.0
1.7365023,0.00014634017,0.48844358,0.0006602592,0.28300947,0.5354615,0.2773318,0.05951343,1.7365023,8.0
1.3820746,0.0001967066,0.7333839,0.0005397117,0.50281066,0.50742936,0.44961149,0.079856865,1.3820746,9.0
1.4296583,7.163821e-05,0.47622186,0.0010227162,0.37027177,0.5197823,0.31664884,0.098007426,1.4296583,10.0
1.435707,0.00018598077,0.94642276,0.00054173946,0.5109985,0.5555555,0.41716194,0.0748801,1.435707,11.0
1.5622902,0.00015692684,0.4636133,0.0016544795,0.35224596,0.52105755,0.4071947,0.07468213,1.5622902,12.0
1.3490441,7.563725e-05,0.84474456,0.00037597652,0.39843854,0.58214957,0.3159033,0.094217114,1.3490441,13.0
1.4461012,0.000110123074,0.5966576,0.0010115437,0.3700512,0.5252103,0.36438707,0.07667524,1.4461012,14.0
1.4556919,0.00013892163,0.5304562,0.0012159356,0.37946442,0.5302356,0.37873772,0.08156302,1.4556919,15.0
1.792473,0.00015049093,0.44159943,0.0011996591,0.26032507,0.5907115,0.3609944,0.08290149,1.792473,1.0
2.3847544,8.2599945e-05,0.7533639,0.0015773288,0.78807634,0.47026512,0.33177763,0.085094236,2.3847544,2.0
2.3264024,8.779505e-05,0.20328748,0.0019945353,0.67330873,0.4611366,0.35590923,0.07168264,2.3264024,3.0
1.6792393,0.00019162388,0.95190805,0.0014168508,0.3742295,0.5870459,0.4080334,0.08734045,1.6792393,4.0
1.5838933,0.000113583614,0.4428675,0.0015958535,0.53645116,0.5052997,0.35468635,0.076311976,1.5838933,5.0
1.5779289,0.00010410596,0.74650675,0.0014568354,0.54690045,0.46128643,0.32490477,0.079755455,1.5779289,6.0
1.4677589,0.00015921114,0.51008946,0.0008161203,0.53989136,0.53156096,0.34971434,0.08011625,1.4677589,7.0
1.6612879,0.00011644653,0.68040484,0.0013432951,0.6362963,0.5040084,0.3358597,0.08519946,1.6612879,8.0
1.9613193,9.371432e-05,0.5367409,0.0019006422,0.3303107,0.5387167,0.38679928,0.09996222,1.9613193,9.0
1.6985322,4.4436667e-05,0.43804678,0.0014460895,0.29819912,0.48475745,0.3905707,0.08000623,1.6985322,10.0
1.4917793,9.01342e-05,0.6407235,0.0012513001,0.43043372,0.4987666,0.34680852,0.07192505,1.4917793,11.0
1.4878035,0.00017409502,0.20754535,0.00014577509,0.36808348,0.48849824,0.3272562,0.09717411,1.4878035,12.0
1.4323714,8.8213084e-05,0.49805936,0.0012265798,0.37090057,0.5029237,0.36610737,0.08192278,1.4323714,13.0
3.2922866,7.478831e-05,0.18218154,0.00063043943,0.9490814,0.4880791,0.44215238,0.08993658,3.2922866,14.0
1.3480783,0.00015094383,0.72684336,0.0013806677,0.43176627,0.5451038,0.37253505,0.08423971,1.3480783,15.0
3.0666366,5.069211e-05,0.488091,0.00040732254,0.770764,0.5157832,0.29593858,0.06677235,3.0666366,1.0
1.801675,0.00014352401,0.5499743,0.00020892754,0.6301135,0.54603946,0.41969118,0.07390389,1.801675,2.0
1.9805293,0.00013684027,0.28035066,0.0004435213,0.52184016,0.49429017,0.25334734,0.07405286,1.9805293,3.0
1.6116508,0.00019477944,0.5778103,0.0018343527,0.3254849,0.5341291,0.3561714,0.08985748,1.6116508,4.0
1.4245161,6.947479e-05,0.39584365,0.00055281026,0.4373843,0.59414494,0.38489398,0.07583358,1.4245161,5.0
2.2207935,0.00013735089,0.61316895,0.0010909355,0.7914147,0.5666903,0.43632326,0.08385296,2.2207935,6.0
1.7602085,0.000112281574,0.8184878,0.0001901981,0.38856348,0.491344,0.4199626,0.0569385,1.7602085,7.0
1.8973385,0.00015557089,0.22117418,0.0014957659,0.4643588,0.4901532,0.32746255,0.06297508,1.8973385,8.0
1.3643,8.937665e-05,0.7532363,0.0015720756,0.50862396,0.5886503,0.43477607,0.096857525,1.3643,9.0
1.3799962,0.000121829864,0.21927409,0.00055825035,0.44670713,0.5595613,0.2501098,0.08646964,1.3799962,10.0
1.4506419,0.00011247296,0.7040737,0.00060307415,0.45030144,0.52517134,0.38855794,0.07373976,1.4506419,11.0
1.3291391,0.000162836,0.9526735,0.001633721,0.5835667,0.5307149,0.39057,0.086493075,1.3291391,12.0
1.5793734,9.253272e-05,0.45129666,0.0008755984,0.44042617,0.5279274,0.305105,0.07215173,1.5793734,13.0
1.7776626,0.00010742169,0.3594243,0.0018944328,0.31294486,0.5450239,0.33951944,0.055428497,1.7776626,14.0
1.7073325,0.00017748172,0.92238116,0.0018168095,0.5307704,0.46349633,0.28658298,0.077364065,1.7073325,15.0
1.7457157,4.2610096e-05,0.6637746,0.0018079542,0.28544694,0.5838538,0.3687689,0.08510557,1.7457157,1.0
2.5108786,5.2454343e-05,0.28424957,0.0015383536,0.4125562,0.4867198,0.26665685,0.05017298,2.5108786,2.0
1.3308575,0.00018986056,0.3976876,0.0018033313,0.555339,0.5698529,0.26531407,0.09726593,1.3308575,3.0
2.035631,4.0782572e-05,0.96365535,0.000519669,0.2804779,0.5265521,0.43795252,0.07944502,2.035631,4.0
1.3647894,9.213165e-05,0.501209,0.0012813543,0.46076047,0.48116025,0.3856484,0.09664891,1.3647894,5.0
2.5596185,7.985507e-05,0.7476582,0.0014672828,0.60666,0.5254016,0.3052069,0.060637254,2.5596185,6.0
2.229,0.0001568793,0.7048649,0.0013382931,0.6269053,0.48660883,0.26403055,0.07531064,2.229,7.0
1.674207,0.0001106533,0.5191993,0.0012517608,0.2599965,0.55624336,0.3632978,0.064381056,1.674207,8.0
1.5967853,0.00010842733,0.3891217,0.0006630919,0.36154705,0.4722275,0.41477668,0.08017056,1.5967853,9.0
1.2408236,5.1371386e-05,0.36165884,0.0011077807,0.52751285,0.58459353,0.37862498,0.09144461,1.2408236,10.0
1.4485682,7.453474e-05,0.54320234,0.0015256505,0.34690285,0.55673814,0.35185722,0.08218099,1.4485682,11.0
1.8820398,3.5397363e-05,0.29594886,0.0012196262,0.43934283,0.5152351,0.28581616,0.065497205,1.8820398,12.0
1.5719426,0.00018727776,0.4903185,0.0010776748,0.41611525,0.58578676,0.3867578,0.09695185,1.5719426,13.0
1.7868204,0.00010982907,0.9275673,0.0008740464,0.30377242,0.49273962,0.43229702,0.06213698,1.7868204,14.0
1.4430667,0.000113647686,0.43877554,0.0011787587,0.35918438,0.55111283,0.3566929,0.07668401,1.4430667,15.0
1.7791256,8.384915e-05,0.20825614,0.0017474465,0.3066769,0.59037304,0.36789832,0.0915872,1.7791256,1.0
1.569599,9.252666e-05,0.43916696,0.0009870303,0.4267771,0.554529,0.31539884,0.070461646,1.569599,2.0
1.6591969,0.00016553683,0.6228725,0.0018262313,0.7418896,0.58634716,0.39157328,0.095281884,1.6591969,3.0
1.7230902,6.3889485e-05,0.5334845,0.0014939704,0.30332845,0.5708003,0.3326844,0.096847445,1.7230902,4.0
1.4251523,0.00012345811,0.33798862,0.0012736467,0.5422139,0.52818143,0.36920872,0.08123669,1.4251523,5.0
2.736495,0.000113853006,0.89227843,0.0013327088,0.6710063,0.5023211,0.3390195,0.05945408,2.736495,6.0
1.4291881,0.00014342199,0.39237514,0.00072113,0.48505875,0.54081494,0.3832366,0.07622652,1.4291881,7.0
1.629961,5.238865e-05,0.7809975,0.0016970688,0.34328994,0.58552885,0.33644643,0.062374823,1.629961,8.0
1.4638807,0.00019505754,0.9855784,0.00011100373,0.3691585,0.5723586,0.33701918,0.087893374,1.4638807,9.0
1.4711931,0.00014179082,0.49828228,0.0014540034,0.36114457,0.5288912,0.35144335,0.07150008,1.4711931,10.0
1.5790888,0.00019843628,0.8607729,0.00066774443,0.39700204,0.46866482,0.4381672,0.08035604,1.5790888,11.0
1.4472901,9.0562346e-05,0.66658324,0.0013943923,0.38001043,0.56113726,0.34204087,0.072608225,1.4472901,12.0
1.7649888,0.00011739402,0.7431599,0.0011681872,0.5432274,0.5292434,0.33543095,0.071765386,1.7649888,13.0
1.445138,8.665022e-05,0.57341874,0.0013335132,0.34839627,0.56454366,0.33358446,0.089261204,1.445138,14.0
1.2813907,0.00014821954,0.7293173,0.0011293503,0.39557776,0.5498344,0.2819692,0.08403541,1.2813907,15.0
1.3890706,3.1264983e-05,0.19188689,0.00013383209,0.5700842,0.54689926,0.31123915,0.08975351,1.3890706,1.0
2.1466892,8.438146e-05,0.35175106,0.001535444,0.6511944,0.55985326,0.34351355,0.072994195,2.1466892,2.0
1.7091582,7.785858e-05,0.6223831,0.0007580676,0.6398946,0.5027925,0.38238144,0.08060484,1.7091582,3.0
1.6117193,0.00017798909,0.7333449,0.0009437766,0.5121736,0.5357787,0.3260081,0.074019104,1.6117193,4.0
1.5669843,0.00011043187,0.6462874,0.0013025455,0.4181306,0.51098204,0.3063579,0.07089789,1.5669843,5.0
1.389112,0.0001374729,0.6167859,0.0005010411,0.49780515,0.55377746,0.3553529,0.079517685,1.389112,6.0
1.7617075,6.4835156e-05,0.6545294,0.0009214746,0.6568289,0.54740196,0.359117,0.0822846,1.7617075,7.0
1.3067098,0.00014411403,0.46293065,0.0014103925,0.31774104,0.5848346,0.28646806,0.08570177,1.3067098,8.0
1.4069033,0.000110364876,0.4806786,0.0014159371,0.34894663,0.57320094,0.33395675,0.08525816,1.4069033,9.0
1.293976,0.00012927272,0.38457888,0.00045342464,0.4759301,0.5485849,0.34133095,0.09991711,1.293976,10.0
1.9267151,0.00010959895,0.60087085,0.00042408062,0.2829353,0.5412489,0.4304062,0.050118703,1.9267151,11.0
1.5588689,9.448234e-05,0.55802834,0.0006510031,0.40778285,0.54502696,0.39761323,0.06729116,1.5588689,12.0
1.3899248,8.526556e-05,0.7478947,0.0010806103,0.57667655,0.5634751,0.37650794,0.084551334,1.3899248,13.0
1.3442515,0.00011155611,0.58645624,0.0012990427,0.42855284,0.5361591,0.32319885,0.07997133,1.3442515,14.0
1.3799454,0.00010370895,0.5427952,0.00079929363,0.4352125,0.55307937,0.35946605,0.07790511,1.3799454,15.0
1.3382864,0.00017666446,0.78045946,0.0006791215,0.25857514,0.58800834,0.26564735,0.08068395,1.3382864,1.0
2.0882316,8.9831046e-05,0.34247413,0.00091099925,0.5579452,0.48992833,0.3592125,0.06324651,2.0882316,2.0
1.952167,0.00012223455,0.35441175,0.00069528236,0.50496763,0.53475225,0.33396152,0.063480034,1.952167,3.0
1.7156876,0.00015991082,0.34273946,0.00055804366,0.6565934,0.5539612,0.32074705,0.08696146,1.7156876,4.0
1.4174967,0.00014919824,0.73942727,0.0005777544,0.43189585,0.5452256,0.37814322,0.09085544,1.4174967,5.0
1.3492401,5.2129744e-05,0.44813648,0.000112903756,0.52165097,0.56385934,0.40931827,0.08269909,1.3492401,6.0
2.003629,0.00016432808,0.8269262,0.00040245708,0.7621779,0.56624836,0.39448404,0.08350807,2.003629,7.0
2.0658236,0.0001408218,0.19186772,0.00035829959,0.5341443,0.46400297,0.4193594,0.057479903,2.0658236,8.0
1.4287533,0.00011882001,0.23915559,0.0008219623,0.36113983,0.48760593,0.34490567,0.087848164,1.4287533,9.0
2.497705,0.00013062394,0.9841637,0.0014561705,0.6883579,0.5888997,0.33430701,0.066303745,2.497705,10.0
1.5811086,0.000105226005,0.3934433,0.00036000382,0.47002807,0.50659156,0.3998484,0.06830269,1.5811086,11.0
1.7139778,0.0001115579,0.41434255,0.0009148599,0.30934045,0.57176346,0.41050482,0.064177535,1.7139778,12.0
1.3557462,0.00014257617,0.40522698,0.0006009064,0.5409687,0.5503026,0.3371993,0.08569791,1.3557462,13.0
1.6370239,0.00013031096,0.32124478,0.00040154983,0.5063409,0.5102158,0.381957,0.06959922,1.6370239,14.0
1.5619932,4.914429e-05,0.17482974,0.001971728,0.4716888,0.45878392,0.27252504,0.080470785,1.5619932,15.0
3.183447,0.00019019045,0.7672151,0.0013316164,0.76341075,0.52880377,0.2766338,0.06253546,3.183447,1.0
1.7558846,0.00011728234,0.9665058,0.00045155914,0.34597355,0.5816963,0.37165782,0.09251568,1.7558846,2.0
2.343218,0.00013233554,0.84533465,0.00096025487,0.7414298,0.50673354,0.3354269,0.077074006,2.343218,3.0
2.11283,0.000108303626,0.9549918,0.0010282254,0.5002401,0.51477325,0.39921644,0.053246394,2.11283,4.0
1.4220088,0.00014799504,0.2485512,0.0015199081,0.49354878,0.49401668,0.43590853,0.07620565,1.4220088,5.0
2.0175111,8.858104e-05,0.82562095,0.00062720303,0.6770622,0.5499866,0.3813903,0.075135626,2.0175111,6.0
1.3317292,0.00011758253,0.42518,0.0014704576,0.39849463,0.47671962,0.34017587,0.09105999,1.3317292,7.0
1.2907803,0.00019168985,0.7659905,0.00025132173,0.5357184,0.53788996,0.3849388,0.0860701,1.2907803,8.0
1.4253464,0.00011427297,0.5024535,0.00055108086,0.42373282,0.49210745,0.3274426,0.0755001,1.4253464,9.0
1.8400654,0.00014996291,0.55693775,0.0007653347,0.62932855,0.5267024,0.33496234,0.07861699,1.8400654,10.0
1.4901078,0.00011354348,0.66835994,0.0010580666,0.4193561,0.48235363,0.41134635,0.08943988,1.4901078,11.0
1.4242532,3.083565e-05,0.18227988,0.0004075513,0.3643214,0.49348146,0.3254935,0.093532905,1.4242532,12.0
1.2333802,0.0001202036,0.52654463,0.00029510655,0.49707782,0.57746327,0.27747804,0.094180316,1.2333802,13.0
1.3769279,6.733056e-05,0.63679135,0.00075360533,0.40101984,0.5320828,0.32792914,0.07743994,1.3769279,14.0
1.4425001,8.4630956e-05,0.561536,0.00085236185,0.60537285,0.5195657,0.32440275,0.09019135,1.4425001,15.0
2.0448265,9.481968e-05,0.5286185,0.0012867753,0.54875755,0.54319,0.3327832,0.06526739,2.0448265,1.0
1.2379556,0.00019772079,0.8114934,0.0019798612,0.56230456,0.59927106,0.40284002,0.09078991,1.2379556,2.0
1.8283548,6.5090906e-05,0.48391816,0.00057347835,0.45478457,0.55980146,0.3135701,0.0643208,1.8283548,3.0
1.7843094,8.835376e-05,0.68971187,0.001310818,0.55678815,0.50627524,0.32478875,0.07406345,1.7843094,4.0
1.6399554,0.00012323217,0.5745802,0.0012676509,0.43625286,0.55959797,0.33802962,0.066839345,1.6399554,5.0
1.5459744,0.000103752005,0.5852901,0.0009762849,0.4795825,0.5535781,0.3396212,0.073014,1.5459744,6.0
1.4364365,0.00016972049,0.7005643,0.0011902411,0.46234736,0.54265857,0.40122384,0.09634335,1.4364365,7.0
1.4345425,3.4750985e-05,0.98373044,0.0010534462,0.6157399,0.54040617,0.34986475,0.089032605,1.4345425,8.0
1.4493753,0.00012627999,0.57147604,0.00096423575,0.61135685,0.5494738,0.39148536,0.08498718,1.4493753,9.0
1.5919921,0.00017081891,0.90669036,0.00049407233,0.27276644,0.5589495,0.33623835,0.074602686,1.5919921,10.0
1.522252,0.00018634583,0.6997668,0.00069577695,0.4061411,0.5955717,0.38044026,0.091008596,1.522252,11.0
1.2077616,0.00014784966,0.78772205,0.0011653051,0.58549094,0.54174846,0.39647925,0.0966015,1.2077616,12.0
1.4357927,0.000117234405,0.59215176,0.0019826288,0.6788234,0.54444486,0.40265644,0.0945329,1.4357927,13.0
1.2897099,7.80903e-05,0.6305967,0.0011690682,0.5250366,0.501652,0.4070098,0.09961691,1.2897099,14.0
1.3256413,0.00016644281,0.6963694,0.00095693563,0.45990637,0.5742933,0.3754284,0.089315526,1.3256413,15.0
1.3478168,0.0001532468,0.41517517,0.00062366325,0.32414255,0.4890451,0.29465404,0.07899149,1.3478168,1.0
1.4969276,9.829023e-05,0.70974356,0.00015995702,0.6936187,0.5811251,0.374873,0.09394071,1.4969276,2.0
1.5694206,0.00016288359,0.4621055,0.00074081356,0.4510637,0.594706,0.4170275,0.09812421,1.5694206,3.0
1.8394504,5.838139e-05,0.9643898,0.0012011832,0.3943174,0.54346174,0.3579159,0.05613141,1.8394504,4.0
2.2322755,4.43625e-05,0.7970234,0.0013837501,0.53926295,0.4548381,0.41480815,0.054233078,2.2322755,5.0
1.4914436,9.7694356e-05,0.7487152,0.00095772854,0.423786,0.54346067,0.37763536,0.07080801,1.4914436,6.0
1.3191721,0.00013930259,0.56434375,0.00028978335,0.5042769,0.55172604,0.4154225,0.09080686,1.3191721,7.0
2.0512843,0.00014489717,0.6955794,0.0009365586,0.357633,0.535618,0.25365785,0.0581904,2.0512843,8.0
1.8931702,0.000106977466,0.58650714,0.0009355067,0.69412357,0.55623674,0.39625394,0.08097789,1.8931702,9.0
1.4966773,0.00013948472,0.6271306,0.0008534031,0.38028064,0.5418843,0.32738107,0.07005155,1.4966773,10.0
1.5567291,0.00011965397,0.5302893,0.00038878486,0.51270163,0.58270365,0.42075074,0.07066125,1.5567291,11.0
1.4585583,7.943934e-05,0.66514575,0.0010018466,0.44230017,0.52555627,0.40338367,0.07321736,1.4585583,12.0
1.5103005,0.00013788528,0.7381353,0.0012264284,0.6251981,0.53662515,0.36612406,0.08558955,1.5103005,13.0
1.3610146,0.00015354462,0.5165071,0.0006058779,0.44931155,0.5674815,0.3834864,0.08859565,1.3610146,14.0
1.3819677,0.00014041257,0.5294214,0.0007729345,0.44144964,0.5667845,0.38656545,0.08877507,1.3819677,15.0
1.8999605,0.00010973915,0.6072522,0.0011438573,0.7187812,0.5278956,0.3095907,0.09054503,1.8999605,1.0
1.8487484,9.608284e-05,0.19151199,0.00091497874,0.49559912,0.501023,0.35571668,0.06424758,1.8487484,2.0
1.483528,0.00014209903,0.22142215,0.00045814787,0.5583164,0.55305463,0.40816504,0.07782659,1.483528,3.0
2.0033445,0.00013243391,0.76547056,0.0014774065,0.61518437,0.48879835,0.30500808,0.07567147,2.0033445,4.0
1.3436321,0.00012757548,0.32272008,0.0006332154,0.4733116,0.56548935,0.40625292,0.087473504,1.3436321,5.0
1.7690428,0.00016995189,0.9377902,0.0018316119,0.34652206,0.45371473,0.38482523,0.094903946,1.7690428,6.0
1.8415021,0.0001450942,0.4926511,0.0006821397,0.27826822,0.5097794,0.42026317,0.07102472,1.8415021,7.0
1.5204446,0.00011628289,0.3720959,0.0009451034,0.50302273,0.5090775,0.35753095,0.07511487,1.5204446,8.0
1.5987954,8.7023196e-05,0.53673965,0.0014615429,0.5512066,0.5172015,0.373817,0.07557033,1.5987954,9.0
1.7401136,0.00016501574,0.48735598,0.0006065939,0.4805922,0.5332531,0.28812432,0.07187819,1.7401136,10.0
1.2749063,3.589768e-05,0.7183612,0.0017449349,0.39522672,0.57676214,0.29583788,0.097497545,1.2749063,11.0
1.3335634,0.00014345102,0.73997444,0.0013994274,0.43019542,0.4937916,0.3625482,0.08982193,1.3335634,12.0
1.592553,9.9602126e-05,0.36839876,0.00029096982,0.40972123,0.568625,0.2561302,0.07492229,1.592553,13.0
1.208996,0.00018468827,0.6895924,0.001094033,0.5627692,0.58051413,0.37047008,0.09606414,1.208996,14.0
1.6762987,0.00012612801,0.39431727,0.0005299945,0.28137994,0.54806334,0.36861622,0.07559006,1.6762987,15.0
2.439236,5.7091293e-05,0.77394223,0.00032659486,0.66473216,0.50941235,0.3632158,0.06461434,2.439236,1.0
1.6705327,0.0001320849,0.677541,0.0007299658,0.5305225,0.48709008,0.3309594,0.073952444,1.6705327,2.0
1.227754,0.00015674232,0.3724466,0.001584927,0.6030879,0.48385623,0.44934097,0.09476984,1.227754,3.0
1.6285983,0.000105739986,0.24685283,0.0010994362,0.27774364,0.48139715,0.3447912,0.08475811,1.6285983,4.0
1.8767862,9.247294e-05,0.6504542,0.00048454004,0.7962974,0.5479301,0.42489988,0.09500921,1.8767862,5.0
1.4928211,8.203859e-05,0.40085527,0.0010102299,0.42578852,0.5060614,0.30544996,0.07439396,1.4928211,6.0
1.4306074,0.00010708835,0.5705707,0.0007080338,0.62053674,0.528306,0.37979972,0.08771077,1.4306074,7.0
1.7804215,7.743103e-05,0.6791638,0.00070461025,0.60964626,0.5092062,0.35756582,0.07661843,1.7804215,8.0
1.3844862,5.9224603e-05,0.5469657,0.0015172824,0.3766321,0.5823642,0.34877548,0.08238121,1.3844862,9.0
1.5068835,0.00010574888,0.45896572,0.001393845,0.36517352,0.5547336,0.3350416,0.096688285,1.5068835,10.0
1.3444115,6.6546134e-05,0.5944083,0.0011859442,0.5977736,0.51428676,0.39135712,0.08859307,1.3444115,11.0
1.1980597,8.943818e-05,0.91257316,0.0010856676,0.42061034,0.5766447,0.27070403,0.09397574,1.1980597,12.0
1.5325238,7.369046e-05,0.95199794,0.001445757,0.6380648,0.56327415,0.32825735,0.08938217,1.5325238,13.0
1.4379928,0.000110864916,0.6523598,0.00096172513,0.5438714,0.5159306,0.3392499,0.082393356,1.4379928,14.0
1.2932255,8.438163e-05,0.75588304,0.0013444779,0.53708905,0.5461521,0.32976952,0.08905387,1.2932255,15.0
1.4521478,0.00018685916,0.967047,0.0016564816,0.735827,0.599966,0.39677343,0.09859879,1.4521478,1.0
1.8764666,7.63589e-05,0.37812713,0.00087866356,0.5953415,0.49908784,0.37853932,0.07146007,1.8764666,2.0
1.2043748,0.00011551922,0.29345703,0.0001930633,0.47390622,0.47338548,0.28670606,0.09581854,1.2043748,3.0
2.0199425,0.00012381475,0.27743393,0.00019319178,0.27359527,0.5723257,0.35801542,0.09516665,2.0199425,4.0
1.5229733,0.00013525767,0.6138169,0.0011470849,0.3771403,0.5437752,0.37337494,0.08928201,1.5229733,5.0
1.4710535,0.00011364103,0.37437165,0.0005250906,0.36197445,0.5472082,0.35405844,0.085969485,1.4710535,6.0
1.677333,0.00019456596,0.8301539,0.00083057187,0.35197186,0.58900696,0.35880497,0.093176305,1.677333,7.0
1.509959,7.547956e-05,0.5713326,0.0010432276,0.43989834,0.5602445,0.34507537,0.07148952,1.509959,8.0
1.515282,8.876033e-05,0.47331172,0.0014286747,0.40183097,0.5085701,0.39035666,0.069356844,1.515282,9.0
1.3745371,0.00015357646,0.66774976,0.00089392066,0.4182658,0.563181,0.36309287,0.08737735,1.3745371,10.0
1.5389545,8.963565e-05,0.2403574,0.0014771817,0.6686477,0.59088486,0.30546853,0.0967311,1.5389545,11.0
1.3474709,9.261046e-05,0.3343389,0.0012110571,0.565383,0.5600294,0.33165428,0.08921928,1.3474709,12.0
1.7057557,0.00013645797,0.38095203,0.0015061582,0.46183053,0.5336703,0.3699972,0.06485851,1.7057557,13.0
1.6908578,8.223892e-05,0.43330702,0.0008689166,0.4909178,0.50168383,0.27971286,0.07595887,1.6908578,14.0
2.1908088,0.0001088749,0.4463719,0.0007208683,0.53915,0.5820206,0.38581693,0.055731185,2.1908088,15.0
2.1861026,0.00014021069,0.45715675,0.001959249,0.42404136,0.46361652,0.29791477,0.055394396,2.1861026,1.0
1.7705458,0.0001124864,0.5007026,0.0006517794,0.49535987,0.5009249,0.2976159,0.071548656,1.7705458,2.0
2.2826495,0.00014010891,0.5206974,0.0017273483,0.8290513,0.5345957,0.4198445,0.090826206,2.2826495,3.0
1.8277707,0.00015004915,0.2912265,0.00070636824,0.29742214,0.5699251,0.4384825,0.06792239,1.8277707,4.0
1.4371057,0.00019155988,0.6107424,0.00091538444,0.34833762,0.45299664,0.28012753,0.07417279,1.4371057,5.0
2.6279361,0.00010859276,0.8223088,0.00094388844,0.8654071,0.52014077,0.3992362,0.08766176,2.6279361,6.0
1.4531635,0.00013709944,0.46887517,0.001182329,0.5944447,0.5244661,0.37985942,0.08435566,1.4531635,7.0
1.7990158,3.5486708e-05,0.73629385,0.0009267099,0.31882334,0.46679917,0.28962803,0.058882892,1.7990158,8.0
1.4328831,0.00018227549,0.8142002,0.0019507537,0.4241788,0.48141924,0.40023756,0.089285195,1.4328831,9.0
1.495661,0.00013873429,0.37930384,0.0008265811,0.37064242,0.5529539,0.38476855,0.075922355,1.495661,10.0
1.5492916,0.00011679807,0.43256864,0.00070785114,0.3383522,0.51443833,0.37731153,0.07853673,1.5492916,11.0
1.8886571,0.00017525608,0.62799263,0.001349422,0.49677545,0.54456925,0.39828512,0.05973023,1.8886571,12.0
1.5232418,0.00015063514,0.18129906,0.0009174614,0.5075777,0.5022586,0.4228884,0.07232609,1.5232418,13.0
1.4336106,6.839053e-05,0.7462979,0.0017486272,0.672145,0.5630001,0.43609345,0.0912937,1.4336106,14.0
3.8888774,9.4878655e-05,0.4775202,0.0002730212,0.8843028,0.52500474,0.25634757,0.066210315,3.8888774,15.0
2.0204425,0.00016137646,0.35352662,0.0015194818,0.6252171,0.49903113,0.38992643,0.07056246,2.0204425,1.0
2.693073,0.00012550058,0.62092066,0.00034772579,0.64117914,0.5629777,0.3652138,0.05477497,2.693073,2.0
1.4540417,0.00012938469,0.3711392,0.0013013836,0.37768766,0.5800229,0.32075253,0.09904292,1.4540417,3.0
1.7838063,0.00016897082,0.2776907,0.00018918322,0.393373,0.46955216,0.44401664,0.09364762,1.7838063,4.0
2.1417153,0.0001844337,0.18688244,0.0014338176,0.5788665,0.5254993,0.42780986,0.05972936,2.1417153,5.0
1.7028146,0.00016272637,0.59009784,0.0010886743,0.4429761,0.4992231,0.33977166,0.065298766,1.7028146,6.0
1.7985299,0.00019781695,0.4574621,0.0018549387,0.40788612,0.46634656,0.43833834,0.055934258,1.7985299,7.0
1.5367435,0.00014205105,0.35195524,0.0014602237,0.26247147,0.5468875,0.29908085,0.09182553,1.5367435,8.0
1.7805386,0.00018245747,0.2520765,0.0018480159,0.4247596,0.5894849,0.26084036,0.07038002,1.7805386,9.0
1.9499687,0.000119420874,0.59614754,0.0007818134,0.5590948,0.47011873,0.28167894,0.074393556,1.9499687,10.0
1.6099669,0.00019483021,0.9441787,0.0012587617,0.378687,0.5486536,0.2524234,0.071230575,1.6099669,11.0
1.678554,5.1444633e-05,0.7325848,0.0006294188,0.341579,0.48782074,0.41181654,0.062177435,1.678554,12.0
1.4068799,0.00016426937,0.33468983,0.0015615426,0.421408,0.5564436,0.29183513,0.07866929,1.4068799,13.0
1.2338074,8.294303e-05,0.1568641,0.000118482065,0.59687304,0.4895469,0.4497596,0.09809948,1.2338074,14.0
1.4577419,9.615842e-05,0.20391731,0.0013520486,0.37081933,0.47572476,0.38252944,0.07945944,1.4577419,15.0
1.3201607,0.00015139837,0.2933382,0.00031326988,0.5100367,0.56841445,0.4262364,0.09089409,1.3201607,1.0
1.3813031,0.00013791639,0.67717886,0.0010471679,0.41218862,0.52538174,0.3693465,0.08090077,1.3813031,2.0
1.3686281,0.00013653412,0.5290753,0.00080924894,0.4019656,0.5536319,0.35401112,0.08271253,1.3686281,3.0
1.2846475,0.00010765259,0.58328205,0.0010447905,0.4195827,0.555351,0.32840365,0.08931626,1.2846475,4.0
1.387758,0.00014863735,0.37499544,0.0006289578,0.39214393,0.5258585,0.34906793,0.088317946,1.387758,5.0
1.1878409,0.0001727712,0.8631409,0.0006405678,0.5099576,0.5936921,0.27464175,0.09867261,1.1878409,6.0
1.369236,0.00010654949,0.9294504,0.0011623619,0.49601138,0.5602796,0.27806807,0.08624488,1.369236,7.0
1.2551018,0.0001162003,0.5481495,0.0006739326,0.542192,0.56151325,0.3267996,0.09188852,1.2551018,8.0
1.27042,0.000119241886,0.7394822,0.000985685,0.48324186,0.553236,0.30575496,0.08775219,1.27042,9.0
1.2580067,0.000118915035,0.75108534,0.0008360421,0.5525774,0.54865843,0.28162506,0.097003214,1.2580067,10.0
1.2755301,0.00013092197,0.6130519,0.00073917076,0.49021456,0.54099727,0.33318278,0.08672141,1.2755301,11.0
1.2654165,0.00013729738,0.7496869,0.0005446179,0.4191673,0.56297845,0.3003269,0.08631535,1.2654165,12.0
1.2955887,0.00015823814,0.8493041,0.00047780786,0.42173582,0.56256574,0.32477674,0.088557914,1.2955887,13.0
1.2772938,0.00013044225,0.69204175,0.0009980025,0.45039818,0.53546304,0.3348644,0.085906126,1.2772938,14.0
1.269916,0.00014223054,0.49794108,0.00057605724,0.48749688,0.5586747,0.3662996,0.09044379,1.269916,15.0
1.3113511,0.00012898461,0.4955545,0.0011377261,0.4763997,0.517393,0.33900312,0.083608784,1.3113511,1.0
1.3321495,0.00013916567,0.5870104,0.0008161777,0.39836374,0.5330696,0.32177433,0.08083741,1.3321495,2.0
1.3972461,0.00013361446,0.39266112,0.000672963,0.40619937,0.54268926,0.3565833,0.07730727,1.3972461,3.0
1.3804919,8.176471e-05,0.80952054,0.0001362614,0.5978598,0.5786851,0.4328538,0.084029794,1.3804919,4.0
1.2269052,6.281094e-05,0.18727022,0.0003358292,0.3849077,0.4880332,0.27431205,0.090332136,1.2269052,5.0
1.463381,6.726911e-05,0.6336715,0.00020823316,0.5379874,0.498716,0.31651434,0.08302277,1.463381,6.0
1.6059573,0.000115270384,0.84347594,0.0007806554,0.34713688,0.5167239,0.3996357,0.07715779,1.6059573,7.0
1.2435465,9.543965e-05,0.41362035,0.0005942944,0.42546204,0.5544978,0.2793722,0.08870285,1.2435465,8.0
1.3198075,0.00012536347,0.44444767,0.00063902425,0.42330906,0.540647,0.34349754,0.08384814,1.3198075,9.0
1.2811266,0.00015184603,0.60344285,0.0006025542,0.35334134,0.5584983,0.28525415,0.08588911,1.2811266,10.0
1.3624461,0.00019435256,0.26460817,0.0008333204,0.33823684,0.56436086,0.27656665,0.099748895,1.3624461,11.0
1.2710563,0.0001097943,0.62584347,0.00041998902,0.51388794,0.5491839,0.37027085,0.08790254,1.2710563,12.0
1.2724285,0.00013472959,0.5144246,0.00063285563,0.41444576,0.53396505,0.30947843,0.08612872,1.2724285,13.0
1.3111994,9.62432e-05,0.4459229,0.00092779833,0.4000414,0.54798293,0.2830966,0.082650505,1.3111994,14.0
1.2712647,0.00012613826,0.45252335,0.00057772215,0.4208647,0.5372334,0.3137505,0.086563654,1.2712647,15.0
1.3457727,0.00010737881,0.50271356,0.00066174415,0.44899613,0.54563445,0.29323807,0.08278849,1.3457727,1.0
1.3032808,9.8163866e-05,0.6301967,0.0005807423,0.582076,0.55652785,0.35338846,0.09067374,1.3032808,2.0
1.3505783,9.942952e-05,0.51384777,0.00086055964,0.47422192,0.52303004,0.29825288,0.08409057,1.3505783,3.0
1.3166729,0.00012924448,0.57087475,0.0009969294,0.51819223,0.52437335,0.3440387,0.085450396,1.3166729,4.0
1.2678608,9.207255e-05,0.51806545,0.0007818636,0.41292647,0.55517876,0.31256545,0.08789697,1.2678608,5.0
1.4935794,6.5065105e-05,0.7362261,0.001880794,0.5992195,0.45173505,0.3298688,0.08846074,1.4935794,6.0
1.1846664,0.00012219851,0.3886331,0.0019441113,0.43915623,0.535721,0.27349514,0.09626375,1.1846664,7.0
1.2773935,7.856979e-05,0.46027434,0.0014586345,0.49400064,0.5254706,0.3780732,0.0866808,1.2773935,8.0
1.4559708,0.0001169205,0.38695863,0.0013457309,0.44669408,0.548699,0.31253025,0.07651916,1.4559708,9.0
1.4344631,0.00013494807,0.28884724,0.00031664787,0.32549283,0.5814186,0.3098101,0.089483865,1.4344631,10.0
1.2417669,8.308828e-05,0.981205,0.0011377208,0.41049486,0.5958433,0.291434,0.09433738,1.2417669,11.0
1.2762126,0.00010836649,0.6657139,0.0019221231,0.3168025,0.5091989,0.2598912,0.09831226,1.2762126,12.0
1.7130307,0.0001294102,0.5399359,0.0014067461,0.51683706,0.5638578,0.2902855,0.07580249,1.7130307,13.0
1.2273662,9.888605e-05,0.64377725,0.0009711538,0.5166012,0.5427613,0.32905346,0.09230342,1.2273662,14.0
1.257738,4.8103422e-05,0.5134744,0.0013860228,0.40673015,0.45905513,0.30529687,0.08655885,1.257738,15.0
1.5062785,0.000120789606,0.6380314,0.0012917499,0.33998555,0.49296704,0.32521555,0.06857864,1.5062785,1.0
1.356314,0.00011503824,0.49882126,0.0010145018,0.3981996,0.5133008,0.33323765,0.07907146,1.356314,2.0
1.580543,3.202474e-05,0.3012144,0.001127538,0.740621,0.45214483,0.41157395,0.09901803,1.580543,3.0
1.3553315,9.815267e-05,0.3420901,0.0004515516,0.5178979,0.53479666,0.33780363,0.083955675,1.3553315,4.0
1.3774977,6.2430925e-05,0.41222742,0.0008749743,0.57340145,0.55470294,0.3128993,0.09034112,1.3774977,5.0
1.4483722,0.00012494631,0.5332174,0.00071163714,0.38282463,0.5394651,0.33609393,0.072757065,1.4483722,6.0
1.4524692,0.00013648435,0.21084476,0.00068719295,0.4004236,0.48196065,0.37388214,0.09078922,1.4524692,7.0
1.3057026,6.150659e-05,0.32160935,0.000838238,0.6163418,0.5002966,0.37518197,0.09395878,1.3057026,8.0
1.3248491,0.000100193596,0.45956203,0.0007050108,0.44183353,0.5360764,0.3285089,0.08177545,1.3248491,9.0
1.7433603,9.4514086e-05,0.7310271,0.0016445202,0.5114297,0.50779384,0.31547397,0.07213183,1.7433603,10.0
1.3018296,0.00011811941,0.427362,0.00090748107,0.44064662,0.5120108,0.33566824,0.08350184,1.3018296,11.0
1.2655419,0.00013422874,0.3250545,0.0008084493,0.47166696,0.5159513,0.3581342,0.09030167,1.2655419,12.0
1.2257937,0.00016238676,0.4426661,0.0012075789,0.48331085,0.56658167,0.3347335,0.09551788,1.2257937,13.0
1.2912351,0.00010829009,0.46245134,0.0008932441,0.42982212,0.5230908,0.33063093,0.084614486,1.2912351,14.0
1.2799213,0.00011454116,0.35350478,0.0006741619,0.4769315,0.55534714,0.3668603,0.088929,1.2799213,15.0
1.3631563,0.00012571835,0.4856658,0.0013823416,0.42156428,0.5273958,0.3607529,0.07923127,1.3631563,1.0
1.2986491,0.00012882141,0.93237215,0.001763292,0.47974718,0.5456055,0.3882559,0.09112009,1.2986491,2.0
1.3903419,0.00013166745,0.60307026,0.0009878693,0.41183794,0.5483169,0.35106456,0.09287864,1.3903419,3.0
1.2974052,0.00011902632,0.6470214,0.0013434639,0.48229128,0.5214327,0.34931007,0.08437618,1.2974052,4.0
1.2575289,0.00018012655,0.5634246,0.0010887185,0.61524284,0.5077469,0.40328586,0.094272666,1.2575289,5.0
1.2959253,0.00013296041,0.57536006,0.0011547304,0.46098432,0.5373818,0.36804813,0.09065231,1.2959253,6.0
1.3652735,0.00011681487,0.42024395,0.000997907,0.4341661,0.4947241,0.3882341,0.08663579,1.3652735,7.0
1.7621411,0.00015364356,0.27671465,0.0015559007,0.68908244,0.5202867,0.38182473,0.08659842,1.7621411,8.0
1.3765614,0.00014360815,0.38200837,0.0013678179,0.59916645,0.52044564,0.38394776,0.08800767,1.3765614,9.0
1.2955123,8.084624e-05,0.6895207,0.0012356166,0.5265941,0.58866954,0.34251282,0.08707386,1.2955123,10.0
1.2616571,0.00013521375,0.47968948,0.0013679623,0.53895336,0.5243583,0.37416494,0.08923297,1.2616571,11.0
1.3232142,0.00014374104,0.8079247,0.0016162123,0.65932554,0.5837582,0.3637572,0.09756556,1.3232142,12.0
1.3045287,0.00010886549,0.51133424,0.0012847821,0.4537438,0.51339644,0.37351814,0.08653212,1.3045287,13.0
1.283595,0.00014120211,0.43086806,0.0012696353,0.51026046,0.54197073,0.39619067,0.08656652,1.283595,14.0
1.2157543,0.00016226074,0.6093301,0.0013063956,0.59927946,0.54085016,0.40098628,0.09638974,1.2157543,15.0
1.3169237,0.00012448324,0.59356433,0.0013329937,0.5977263,0.53471047,0.37262002,0.09083582,1.3169237,1.0
1.338791,0.00014960411,0.5365745,0.0016049943,0.41213772,0.5476047,0.32260305,0.09817336,1.338791,2.0
1.3889625,0.00010096897,0.55782044,0.00080284144,0.53522867,0.4961229,0.44744822,0.07936518,1.3889625,3.0
1.3753539,0.00013095002,0.7551484,0.0016305912,0.46392283,0.49834234,0.37909484,0.09851507,1.3753539,4.0
1.6151263,0.00015202849,0.74392396,0.00035321384,0.7640691,0.5870624,0.39733443,0.09725703,1.6151263,5.0
1.3712168,0.00012928703,0.5814681,0.0008004175,0.49566928,0.55782676,0.38094428,0.0795752,1.3712168,6.0
1.2430987,9.402703e-05,0.3526604,0.0007195568,0.45832193,0.58853084,0.26454362,0.09206708,1.2430987,7.0
1.3323088,0.00013828867,0.41608056,0.0012843761,0.35946375,0.5420888,0.3090432,0.091049165,1.3323088,8.0
1.3259251,0.00013630334,0.6511553,0.0007308637,0.62702227,0.557223,0.37348908,0.09252051,1.3259251,9.0
1.261181,0.00012987125,0.6307482,0.0013832512,0.46333528,0.52228117,0.34733453,0.09399353,1.261181,10.0
1.2845373,0.00013034798,0.54707175,0.0009741792,0.48169297,0.5510321,0.34998322,0.085525185,1.2845373,11.0
1.3038542,0.00011714094,0.522106,0.000991896,0.5123545,0.5245689,0.3876553,0.0846381,1.3038542,12.0
1.2433653,0.0001328794,0.48306546,0.0011884731,0.4423198,0.54022163,0.32311067,0.09123431,1.2433653,13.0
1.2388297,0.00011765866,0.4009198,0.0015850218,0.37055734,0.51462835,0.28647333,0.08995092,1.2388297,14.0
1.2419817,8.820875e-05,0.42723048,0.0015093414,0.5010518,0.5132242,0.27468678,0.09549244,1.2419817,15.0
1.463437,0.00015572507,0.7408256,0.00045071114,0.4530722,0.4646114,0.40634423,0.07306405,1.463437,1.0
1.380098,9.477783e-05,0.5787204,0.0012178158,0.4818369,0.52508914,0.35810477,0.07928108,1.380098,2.0
1.3346492,9.8911696e-05,0.57436514,0.00090000883,0.5179952,0.5138216,0.35753843,0.08383783,1.3346492,3.0
1.3479457,0.000100295874,0.6535134,0.0009024993,0.45186764,0.53529114,0.36538452,0.0803892,1.3479457,4.0
1.3598689,0.00012162665,0.67220044,0.0008490183,0.4506703,0.505816,0.3743181,0.07972587,1.3598689,5.0
1.2727388,7.608539e-05,0.63119185,0.00046042842,0.48326203,0.49088794,0.31277034,0.08776256,1.2727388,6.0
1.2058722,0.00015400104,0.71482486,0.0016499357,0.5510018,0.5389442,0.31796107,0.09771025,1.2058722,7.0
1.3259923,0.00013249184,0.47704792,0.0013223098,0.37927258,0.5432779,0.3211203,0.089835554,1.3259923,8.0
1.2786661,0.00010702507,0.6160225,0.0009932156,0.45432273,0.5356136,0.34329447,0.08627835,1.2786661,9.0
1.2618414,0.000112241876,0.6171561,0.0011310849,0.39908305,0.5503101,0.28889772,0.097937346,1.2618414,10.0
1.2857562,9.599557e-05,0.6004326,0.00087492226,0.42917427,0.53212,0.32407105,0.084835134,1.2857562,11.0
1.2901108,0.00011316933,0.64248,0.0010067408,0.4489912,0.52226275,0.3463325,0.08527447,1.2901108,12.0
1.3214797,9.2449416e-05,0.6133507,0.0010893678,0.4538663,0.5519188,0.33348787,0.08203657,1.3214797,13.0
1.2284057,0.00013608448,0.70636946,0.0011837019,0.4344275,0.5662666,0.29701945,0.09691198,1.2284057,14.0
1.2123034,7.988288e-05,0.71127844,0.00063377904,0.49260518,0.53206366,0.31611857,0.09395846,1.2123034,15.0
1.4640738,0.00011519795,0.69419646,0.00089632825,0.52057517,0.51907754,0.37213027,0.077149704,1.4640738,1.0
1.4551122,0.000109557026,0.65619963,0.0006374313,0.38181275,0.5286481,0.37456977,0.07972983,1.4551122,2.0
1.3027195,6.1455845e-05,0.47854674,0.00082556205,0.41982692,0.54957426,0.33763212,0.086686805,1.3027195,3.0
1.2664526,0.00010802044,0.3008937,0.0010916897,0.54637873,0.58435607,0.2963173,0.094802484,1.2664526,4.0
1.8673722,6.718817e-05,0.7063894,0.001612857,0.25661817,0.5265112,0.42086285,0.05522427,1.8673722,5.0
1.3616388,0.00011385082,0.37677205,0.0011266216,0.45042816,0.51954204,0.3346732,0.0797004,1.3616388,6.0
1.3641285,7.780721e-05,0.9402324,0.00062991545,0.5941447,0.57443076,0.32219085,0.09069362,1.3641285,7.0
1.3439771,0.00011009533,0.577589,0.0009255458,0.5315293,0.5375691,0.357489,0.084164456,1.3439771,8.0
1.2582206,8.07854e-05,0.7828216,0.0008111019,0.3991187,0.5601281,0.29024664,0.09578114,1.2582206,9.0
1.4879234,7.0825605e-05,0.6199294,0.0012875849,0.3828052,0.5318333,0.38173378,0.07184758,1.4879234,10.0
1.27145,0.00011739407,0.5660264,0.0011470794,0.46925414,0.5522834,0.35810494,0.092108704,1.27145,11.0
1.3808838,4.7955156e-05,0.7783184,0.0003760599,0.43497857,0.45547006,0.39251074,0.08195617,1.3808838,12.0
1.322031,8.45727e-05,0.5776253,0.0011290687,0.44677565,0.54875463,0.35602582,0.082338236,1.322031,13.0
1.2906841,8.94133e-05,0.35720825,0.0005616649,0.48514563,0.5349327,0.32973722,0.08590376,1.2906841,14.0
1.277009,8.206815e-05,0.77108514,0.0007900083,0.5450542,0.5613111,0.33450037,0.08984835,1.277009,15.0
1.4481493,0.00013651013,0.51244473,0.0014253715,0.5643533,0.57512206,0.33480817,0.08445704,1.4481493,1.0
1.3770347,8.544683e-05,0.32328266,0.0015410021,0.4734048,0.49951196,0.29677594,0.08366433,1.3770347,2.0
1.4998293,8.4290965e-05,0.73022974,0.00085296767,0.284435,0.46486753,0.33223665,0.07556588,1.4998293,3.0
1.242648,4.1565378e-05,0.9194928,0.0011513119,0.46377468,0.57444453,0.32479167,0.08940676,1.242648,4.0
1.3109442,0.00012257225,0.53456724,0.0012639366,0.49270147,0.5535883,0.3335104,0.08469544,1.3109442,5.0
1.3335253,0.00012876405,0.34120318,0.0011851067,0.6318717,0.58501136,0.3592858,0.094828576,1.3335253,6.0
1.3383964,0.00015228636,0.73041743,0.00086521567,0.48912716,0.549339,0.37329194,0.081407666,1.3383964,7.0
1.3055593,9.668821e-05,0.47784984,0.0010077356,0.55554634,0.5538939,0.29698503,0.093481146,1.3055593,8.0
1.9484893,0.00011408115,0.48615876,0.0012908612,0.6496051,0.52381265,0.34938845,0.07752267,1.9484893,9.0
1.200163,0.0001165957,0.53667194,0.0016806949,0.47086045,0.50573754,0.25893766,0.09818618,1.200163,10.0
1.4225733,0.0001878444,0.74984014,0.0013511599,0.333127,0.48306003,0.32200453,0.07414994,1.4225733,11.0
1.3082258,0.0001508626,0.6351767,0.0013380148,0.39697346,0.50503904,0.31472662,0.082157664,1.3082258,12.0
1.3017482,0.00015184045,0.8458984,0.0010000638,0.40459037,0.5472125,0.30545,0.09585099,1.3017482,13.0
1.3496381,0.00015339776,0.74124867,0.0011619829,0.43540406,0.5448109,0.28855035,0.081653796,1.3496381,14.0
1.2409375,0.00012732997,0.49257275,0.0012332943,0.53101623,0.5566955,0.32674488,0.09234766,1.2409375,15.0
1.4245455,0.00010401525,0.5376903,0.0014669807,0.41150203,0.5344799,0.37102914,0.09231902,1.4245455,1.0
1.3850781,0.00014758232,0.51571465,0.0014248567,0.38414928,0.5324232,0.349173,0.08758195,1.3850781,2.0
1.4477077,7.257339e-05,0.8479079,0.0010860744,0.5933054,0.48145977,0.29014847,0.09242864,1.4477077,3.0
1.2395048,0.00011568304,0.155374,0.0018253956,0.55908674,0.53187394,0.301774,0.098610066,1.2395048,4.0
1.3414756,9.925555e-05,0.47010317,0.0013491157,0.46308285,0.51865333,0.36902758,0.0807087,1.3414756,5.0
1.3425181,0.00017208655,0.55046993,0.0017258713,0.44670337,0.48382705,0.39650726,0.08707399,1.3425181,6.0
1.3047987,0.00013860206,0.13800631,0.000706621,0.32471615,0.53390497,0.28696537,0.08727075,1.3047987,7.0
1.3820788,0.0001051456,0.3783761,0.001141544,0.4266103,0.52352774,0.37392953,0.07834521,1.3820788,8.0
1.2944565,0.000113767186,0.4319867,0.0012712904,0.44133574,0.53453857,0.35351902,0.09062683,1.2944565,9.0
1.2597492,0.00012167787,0.29452428,0.0008826832,0.46115983,0.54494375,0.3000956,0.088167906,1.2597492,10.0
1.3669384,0.00014286651,0.59636146,0.0011407955,0.37509146,0.51758933,0.3132287,0.077504024,1.3669384,11.0
1.2897093,0.00013529218,0.48971397,0.0010222847,0.4974282,0.5233585,0.33508918,0.086288825,1.2897093,12.0
1.282078,0.000111755886,0.43251947,0.0012673467,0.48154688,0.5256143,0.35806817,0.085750096,1.282078,13.0
1.2535514,0.000119871496,0.20509668,0.0010036441,0.56072223,0.51421744,0.35033056,0.09273427,1.2535514,14.0
1.8324738,0.000110484594,0.5579633,0.0003417703,0.34034345,0.5866576,0.38745973,0.09267743,1.8324738,15.0
1.4685327,0.000114325456,0.6266455,0.0013360486,0.44044197,0.5115939,0.33781308,0.07381329,1.4685327,1.0
1.3958248,0.00019598275,0.95107466,0.00097282126,0.44834676,0.56064874,0.3443937,0.09936747,1.3958248,2.0
1.392306,7.846192e-05,0.8371201,0.001370579,0.6406417,0.49262562,0.30243707,0.09907957,1.392306,3.0
1.4526712,0.00013873768,0.16935718,0.001602072,0.5847916,0.46623594,0.43983445,0.08124951,1.4526712,4.0
1.3197525,0.00012686658,0.5554195,0.0011541903,0.51354825,0.52269924,0.3469672,0.084905036,1.3197525,5.0
1.2720654,0.00014158213,0.5240957,0.0010627361,0.5270755,0.5225646,0.3682794,0.0878877,1.2720654,6.0
1.2916741,0.00014204995,0.38899904,0.0012370767,0.5205856,0.4947495,0.40151325,0.08581073,1.2916741,7.0
1.3405347,0.00011882333,0.58409345,0.0011861323,0.47358286,0.50668544,0.3390777,0.08171554,1.3405347,8.0
1.2682917,0.00013514567,0.42528093,0.0013311045,0.5041926,0.49486428,0.3393334,0.088188335,1.2682917,9.0
1.3613274,0.00011441797,0.4266471,0.0009797575,0.4144658,0.5034491,0.3507574,0.079262435,1.3613274,10.0
1.3054186,0.000141022,0.46324337,0.0008879674,0.41640925,0.4959608,0.33057556,0.08344101,1.3054186,11.0
1.301562,0.00013364229,0.5164716,0.00092520716,0.46054432,0.53354204,0.371735,0.0877605,1.301562,12.0
1.224312,0.00016008024,0.28682768,0.0010929253,0.5412191,0.5025915,0.39250168,0.09473944,1.224312,13.0
1.2663207,0.000104688064,0.66938573,0.0012427878,0.5737275,0.4996694,0.3367997,0.09391684,1.2663207,14.0
1.3037031,0.00015212774,0.53450054,0.0014243164,0.51430726,0.4945636,0.44933528,0.089873336,1.3037031,15.0
1.5197499,6.229601e-05,0.40475827,0.0007249228,0.4053118,0.55047345,0.40171644,0.070097424,1.5197499,1.0
1.3890897,0.00016440231,0.51141036,0.0009846077,0.4445902,0.55839753,0.3900591,0.090713926,1.3890897,2.0
1.3998396,0.00010052086,0.46305066,0.00081569934,0.4273826,0.53069687,0.38595688,0.07832,1.3998396,3.0
1.3569559,0.0001665856,0.59669715,0.0008451949,0.41732112,0.48370364,0.3419057,0.07915402,1.3569559,4.0
1.6020182,7.820742e-05,0.82526004,0.0017156332,0.5021994,0.5624508,0.26036972,0.08179763,1.6020182,5.0
1.2409803,0.00017832052,0.3066118,0.00054062676,0.5060732,0.5629786,0.31338534,0.091502815,1.2409803,6.0
1.3218653,0.0001462688,0.5838546,0.0005787631,0.49123916,0.550144,0.362501,0.08297751,1.3218653,7.0
1.3192817,0.00016149427,0.5744847,0.00081824046,0.46233472,0.5404366,0.38060912,0.088204116,1.3192817,8.0
1.3380623,0.0001488391,0.4077315,0.0010422309,0.49145952,0.5085005,0.40225258,0.08182876,1.3380623,9.0
1.4323068,0.00018542704,0.61656946,0.0004338037,0.4737142,0.55259204,0.41901657,0.093709566,1.4323068,10.0
1.228638,0.00010538441,0.35569334,0.0008043808,0.47226775,0.52618927,0.2838189,0.09248171,1.228638,11.0
1.325904,0.0001622159,0.59145755,0.0005786674,0.4701539,0.53748477,0.38492092,0.09027103,1.325904,12.0
1.2111188,0.00011529464,0.4682682,0.00027225137,0.57711846,0.5744039,0.37869132,0.09955763,1.2111188,13.0
1.3048958,0.00010266943,0.69864845,0.0012298429,0.48298326,0.54814065,0.31153792,0.08554407,1.3048958,14.0
1.3041034,0.00014549952,0.6580502,0.00093440333,0.4694167,0.5387017,0.37830305,0.08721521,1.3041034,15.0
1.3632319,8.9595276e-05,0.55903596,0.0011818806,0.43902427,0.54761267,0.3734092,0.07964012,1.3632319,1.0
1.3718206,0.00014713076,0.5317968,0.000804065,0.44843966,0.5345743,0.29676765,0.081233636,1.3718206,2.0
1.3941859,0.00013672204,0.48079917,0.00091493205,0.3982023,0.5174127,0.3671075,0.08349414,1.3941859,3.0
1.5887488,0.0001498393,0.17071706,0.0013471427,0.641798,0.52159375,0.35809124,0.08700935,1.5887488,4.0
1.3325006,0.00013642981,0.44190356,0.000719257,0.46015897,0.54453003,0.34460905,0.081571154,1.3325006,5.0
1.3082389,0.00012220614,0.35586774,0.0014264253,0.37027168,0.5516285,0.3035506,0.09338073,1.3082389,6.0
1.3111379,0.00012717831,0.5172834,0.0010357717,0.4098571,0.56144154,0.32588184,0.09267637,1.3111379,7.0
1.1752967,0.000107979,0.6565234,0.0010937165,0.42020568,0.5564488,0.25036436,0.099191464,1.1752967,8.0
1.2818911,0.00015262468,0.66148406,0.0007943739,0.46562028,0.5400686,0.30538923,0.08600854,1.2818911,9.0
1.3052368,0.00012354023,0.6275378,0.0005623271,0.43866566,0.53806245,0.3487978,0.088076815,1.3052368,10.0
1.2662727,0.00010237662,0.6738372,0.0007845355,0.4053776,0.5586289,0.3033712,0.09288981,1.2662727,11.0
3.5641043,9.594415e-05,0.31853577,0.0019361288,0.791738,0.47528023,0.34307402,0.05670395,3.5641043,12.0
1.4771986,9.489878e-05,0.15070488,0.0013506141,0.3351749,0.5265447,0.35385457,0.08217621,1.4771986,13.0
1.2401178,9.8354045e-05,0.64487493,0.0012402337,0.41839027,0.51606745,0.2975209,0.09723915,1.2401178,14.0
1.3295641,0.000113836075,0.33880427,0.0011803104,0.37398118,0.5363075,0.3233799,0.08737826,1.3295641,15.0
1.424957,0.00012601228,0.46758318,0.00080178014,0.45194507,0.56549895,0.3778823,0.07530808,1.424957,1.0
1.4636172,0.0001301171,0.7992449,0.0010165202,0.40663773,0.49537852,0.3825343,0.08956007,1.4636172,2.0
1.3568269,0.00012103538,0.7150267,0.0009496496,0.42694482,0.5195985,0.3705601,0.085921474,1.3568269,3.0
1.3856862,0.00013868025,0.44524455,0.0007910464,0.44557297,0.5347626,0.32666954,0.0784867,1.3856862,4.0
1.3198783,0.000111238776,0.601682,0.0009615316,0.4867446,0.5263084,0.3394034,0.083493456,1.3198783,5.0
1.8397098,0.00016212696,0.9653779,0.0003405121,0.43420547,0.59986687,0.28046986,0.063708805,1.8397098,6.0
1.4675505,0.000119347555,0.7056408,0.0010267518,0.523498,0.5312129,0.33694845,0.07948701,1.4675505,7.0
1.317861,0.00011836799,0.64466435,0.0010051274,0.47712657,0.5345778,0.3380774,0.08304082,1.317861,8.0
1.3076715,7.789747e-05,0.42012626,0.00065007596,0.4188951,0.51672184,0.33848283,0.089694664,1.3076715,9.0
1.3574293,0.00012338246,0.74120885,0.00081000343,0.41278753,0.49576676,0.35806692,0.08235147,1.3574293,10.0
1.3206902,8.9714325e-05,0.44186857,0.0010019734,0.5159784,0.4551763,0.4436832,0.084205665,1.3206902,11.0
1.3098228,0.00010171225,0.8188277,0.0009051674,0.481979,0.5424229,0.37601167,0.09499791,1.3098228,12.0
1.2662681,9.3890485e-05,0.7513587,0.000851552,0.4732449,0.46656427,0.3500116,0.09651962,1.2662681,13.0
1.2918813,8.526594e-05,0.7183939,0.0012112929,0.50143766,0.5624847,0.3024538,0.0883739,1.2918813,14.0
1.3280876,5.663409e-05,0.4757824,0.0012103919,0.41472647,0.5838117,0.30578154,0.08103607,1.3280876,15.0
1.2827326,0.000110899935,0.57836455,0.0010260942,0.46890217,0.5314114,0.36414078,0.087207094,1.2827326,1.0
1.400341,9.975766e-05,0.52661806,0.0007170918,0.502743,0.52062994,0.33499286,0.08099965,1.400341,2.0
1.6195544,0.00010524261,0.80391246,0.0009289399,0.52643275,0.51342726,0.36752757,0.07223228,1.6195544,3.0
1.2995402,0.000111001296,0.63589394,0.0010371027,0.45198694,0.53176296,0.36236978,0.08933194,1.2995402,4.0
1.2634782,0.0001340507,0.4462032,0.00051882665,0.4505141,0.50295806,0.33151132,0.09474024,1.2634782,5.0
1.2973939,8.878351e-05,0.50163,0.0007220662,0.48634443,0.5634282,0.35831445,0.08484992,1.2973939,6.0
1.2967716,0.000101901205,0.60565996,0.0007755206,0.51737845,0.5248357,0.33027405,0.087331876,1.2967716,7.0
1.371286,9.9822464e-05,0.732754,0.00092595804,0.5263997,0.51313263,0.35729888,0.082432576,1.371286,8.0
1.269203,8.882183e-05,0.5181971,0.00083172333,0.6099801,0.5424351,0.36937952,0.09515305,1.269203,9.0
1.2108232,0.000146972,0.59623843,0.0015964548,0.37662143,0.47834763,0.27147326,0.0959431,1.2108232,10.0
1.3004726,0.000116799936,0.7951955,0.0013774716,0.62906885,0.4895307,0.37853655,0.09458646,1.3004726,11.0
1.2477897,7.5016345e-05,0.7386472,0.0008397831,0.5591613,0.52911246,0.31501204,0.095001094,1.2477897,12.0
1.2720343,8.111256e-05,0.52990204,0.0009010461,0.48712116,0.49093089,0.37959373,0.091771,1.2720343,13.0
1.2811421,8.3386025e-05,0.62113625,0.00041169798,0.5865245,0.5149335,0.3146271,0.096235245,1.2811421,14.0
1.2470613,0.00010409728,0.7086631,0.001011065,0.58917826,0.5065196,0.35777405,0.09488855,1.2470613,15.0
1.5174503,0.000107907144,0.80846566,0.0010643622,0.4146414,0.50297827,0.44534948,0.07685549,1.5174503,1.0
1.2649636,0.00012209358,0.40013355,0.00087041553,0.43786016,0.5443339,0.329549,0.091860205,1.2649636,2.0
1.3331817,0.00013140474,0.672626,0.0014362682,0.3922686,0.509919,0.3337559,0.081824794,1.3331817,3.0
1.5301335,0.00016057814,0.38234285,0.0003683154,0.44658482,0.58438665,0.41155124,0.09554776,1.5301335,4.0
1.6139909,3.573546e-05,0.34560305,0.00015743035,0.2589625,0.48604926,0.32460892,0.062965825,1.6139909,5.0
1.2690634,0.000103088496,0.3993522,0.00080522377,0.3511161,0.5202496,0.28590515,0.089346536,1.2690634,6.0
1.4692667,0.00013927835,0.7136553,0.0011214986,0.4006558,0.5560919,0.35181633,0.07162187,1.4692667,7.0
1.6492846,5.6406356e-05,0.45400885,0.0015600114,0.41346753,0.59820914,0.40472052,0.06256898,1.6492846,8.0
1.3397921,0.0001337932,0.62277937,0.0010425184,0.44840124,0.5379545,0.34954375,0.08055544,1.3397921,9.0
1.4056758,8.386517e-05,0.42223105,0.00048836804,0.37732452,0.5076791,0.3361573,0.076110266,1.4056758,10.0
1.349464,0.000113259746,0.66258836,0.00094162964,0.45025072,0.5112994,0.39017943,0.08338775,1.349464,11.0
1.2133626,0.00014152219,0.6729132,0.0006108666,0.56457704,0.5231336,0.38797325,0.09800796,1.2133626,12.0
1.4418894,0.000173659,0.33849487,0.0006092143,0.41038996,0.5322711,0.38159794,0.08857273,1.4418894,13.0
1.31225,0.00010821259,0.51689374,0.0006909047,0.4390859,0.5129319,0.34448272,0.0831901,1.31225,14.0
1.2888335,8.355867e-05,0.59353364,0.00084965286,0.5595196,0.5161705,0.3085606,0.09358931,1.2888335,15.0
1.6154803,8.421872e-05,0.31297702,0.0015743757,0.36303642,0.4725041,0.36857915,0.09612482,1.6154803,1.0
1.3369732,0.00016844083,0.6552794,0.00077493006,0.46263903,0.504033,0.39212954,0.08421968,1.3369732,2.0
1.5029998,0.00019455842,0.24909726,0.00089128927,0.36528033,0.5402385,0.36217433,0.088525906,1.5029998,3.0
1.1851459,0.000115056784,0.6894028,0.0008401231,0.49821186,0.5354301,0.28826708,0.09925287,1.1851459,4.0
1.32214,0.00016968732,0.37776095,0.0009354901,0.42895383,0.52872217,0.35723516,0.08783621,1.32214,5.0
1.3197032,0.000120495184,0.34065786,0.0011602694,0.4385541,0.50866157,0.36222184,0.08337709,1.3197032,6.0
1.4675512,0.00017782279,0.4629338,0.0010723639,0.55109227,0.5928348,0.2975562,0.08566746,1.4675512,7.0
1.4526603,0.00012947277,0.6155621,0.001226232,0.41168922,0.47518757,0.38685817,0.09097305,1.4526603,8.0
1.2840055,0.0001422603,0.570222,0.0011751505,0.4580229,0.49994582,0.3629919,0.09016591,1.2840055,9.0
1.2582633,0.00017587196,0.5846084,0.0018714115,0.46791726,0.508399,0.34123906,0.09824316,1.2582633,10.0
1.226259,0.00017739295,0.79520744,0.00058928755,0.50853354,0.50135154,0.28047895,0.0946604,1.226259,11.0
1.3039159,0.0001283715,0.51483077,0.00079937413,0.47153214,0.50773835,0.32957488,0.0842631,1.3039159,12.0
1.3198106,0.00014461963,0.47032833,0.00074791186,0.43085492,0.5952484,0.31913435,0.08183543,1.3198106,13.0
1.3834742,0.00016286674,0.43917102,0.0006622471,0.4464804,0.5009431,0.38778162,0.09209731,1.3834742,14.0
1.2887721,0.00013953069,0.5595808,0.000816539,0.48650646,0.5402258,0.38404512,0.08828471,1.2887721,15.0
1.5252717,0.00010020141,0.7220323,0.0010788387,0.36372247,0.5162596,0.39287433,0.0740603,1.5252717,1.0
1.2802682,0.00012287436,0.46920386,0.0013116627,0.567358,0.5373801,0.33080375,0.09303334,1.2802682,2.0
1.3535901,9.800311e-05,0.64660037,0.0011034189,0.44269735,0.54248565,0.3672834,0.08008976,1.3535901,3.0
1.3752878,0.000105140265,0.6015659,0.0011871998,0.41900748,0.5296588,0.37785128,0.08359728,1.3752878,4.0
1.3539897,0.00011923832,0.46263582,0.0011934424,0.41990548,0.5392138,0.36748666,0.082980216,1.3539897,5.0
1.3610882,9.66471e-05,0.48236609,0.0010619749,0.45630646,0.5290486,0.3404066,0.079684615,1.3610882,6.0
1.2811605,9.688861e-05,0.50124514,0.0011743634,0.46411398,0.5387718,0.3526472,0.08598294,1.2811605,7.0
1.332406,0.00013721583,0.40583634,0.0015191705,0.41217878,0.51914835,0.35462663,0.087936535,1.332406,8.0
1.5094118,0.00015567154,0.60480756,0.0017529835,0.57757086,0.5306293,0.2624577,0.09236229,1.5094118,9.0
1.208223,8.746398e-05,0.45440874,0.0014427205,0.47345522,0.5730116,0.31066796,0.09374981,1.208223,10.0
1.2491796,0.00012413124,0.5618782,0.0015376734,0.5285711,0.54197633,0.30961424,0.09309103,1.2491796,11.0
1.3029515,7.6390905e-05,0.6667264,0.0015412386,0.39097488,0.5676434,0.3078019,0.09491553,1.3029515,12.0
1.5598742,0.00010417576,0.46754006,0.0010486206,0.5098725,0.56690496,0.36039323,0.07359087,1.5598742,13.0
1.327965,9.5638956e-05,0.55550355,0.0011687401,0.46992585,0.5367055,0.3799977,0.082244515,1.327965,14.0
1.2191422,6.783581e-05,0.5575427,0.0014591805,0.5577836,0.5693811,0.30970126,0.098294586,1.2191422,15.0
1.3993171,0.00015340382,0.513605,0.0010903169,0.42212692,0.5097349,0.3897928,0.0792447,1.3993171,1.0
1.638123,0.00011574814,0.39120334,0.0010814703,0.5040571,0.4982143,0.30281672,0.07611484,1.638123,2.0
1.5244663,8.391324e-05,0.30115163,0.00091845385,0.434821,0.50854117,0.36884803,0.06995864,1.5244663,3.0
1.6498799,0.00011137157,0.49473652,0.001319471,0.67308867,0.48230377,0.35178298,0.089835964,1.6498799,4.0
1.3544599,0.00012427915,0.41098085,0.0012086193,0.3637795,0.52766424,0.32518384,0.08773007,1.3544599,5.0
1.3021157,0.00012776068,0.3587729,0.0010950736,0.47817817,0.50091136,0.3425437,0.08432588,1.3021157,6.0
1.2572633,0.00016265693,0.63747746,0.0011592854,0.46433896,0.5022517,0.32437098,0.09986558,1.2572633,7.0
1.3166411,0.00013405146,0.44566882,0.0011718492,0.4902749,0.51610464,0.35470814,0.08353724,1.3166411,8.0
1.2931547,0.00014221274,0.48782638,0.000821625,0.45673528,0.5371429,0.3609392,0.08905624,1.2931547,9.0
1.3787574,0.000119571945,0.6918645,0.0013043408,0.59552073,0.5505764,0.33540195,0.09017908,1.3787574,10.0
1.3837875,4.859239e-05,0.36320302,0.0019370385,0.48990226,0.5100933,0.449478,0.09521517,1.3837875,11.0
1.3885177,0.000119942895,0.47303203,0.0010652253,0.5076966,0.5086147,0.32376024,0.083006874,1.3885177,12.0
1.2692648,0.00012472755,0.5066962,0.0011149476,0.4898833,0.51447433,0.34191504,0.08715888,1.2692648,13.0
1.2297673,9.454717e-05,0.5183838,0.00093159574,0.566907,0.51363945,0.29800013,0.09991551,1.2297673,14.0
1.4052241,0.00012871868,0.5120443,0.00072324625,0.35409063,0.5449798,0.3202064,0.090721115,1.4052241,15.0
1.4768016,8.2309336e-05,0.65100634,0.0007425641,0.41869488,0.51164967,0.3875801,0.0720116,1.4768016,1.0
1.2293603,0.00013297028,0.60703725,0.0010900004,0.5727383,0.54145825,0.42447373,0.099228054,1.2293603,2.0
1.2661096,3.3058084e-05,0.35284978,0.0009240173,0.5783023,0.46694264,0.33864143,0.09499572,1.2661096,3.0
1.2999998,0.00012400415,0.5060027,0.00094175956,0.48256078,0.53657794,0.37149268,0.08461206,1.2999998,4.0
1.2936202,9.943941e-05,0.51122504,0.0018891959,0.326538,0.46804318,0.2891325,0.0913348,1.2936202,5.0
1.3269998,9.87285e-05,0.46725553,0.0011382253,0.44816014,0.51223755,0.3254428,0.08191418,1.3269998,6.0
1.2973336,9.6201446e-05,0.6358014,0.001406658,0.48598775,0.54792917,0.38544568,0.09455628,1.2973336,7.0
1.2284923,5.7045214e-05,0.22990942,0.000952291,0.5114691,0.532849,0.312238,0.0931996,1.2284923,8.0
1.806183,0.00016208639,0.30097803,0.0017854053,0.5350344,0.59825563,0.4010533,0.06583345,1.806183,9.0
1.3586407,0.0001092322,0.49839547,0.0008865265,0.4592849,0.5160172,0.3680501,0.07967689,1.3586407,10.0
1.4608198,0.0001295962,0.40718704,0.0014364376,0.50225145,0.5529083,0.3794419,0.07604339,1.4608198,11.0
1.3374138,0.00013928078,0.42101452,0.0005134957,0.50722396,0.5679834,0.42111295,0.083050594,1.3374138,12.0
1.3296131,9.4086914e-05,0.5415337,0.0009468076,0.4716197,0.5137361,0.37091407,0.0818838,1.3296131,13.0
1.2854284,0.00010237193,0.5031049,0.0009970864,0.47566634,0.51874334,0.35955977,0.08562905,1.2854284,14.0
1.4233966,7.4927666e-05,0.85725987,0.0009833243,0.4579592,0.52360404,0.3120346,0.078163795,1.4233966,15.0
1.2661529,0.00010699346,0.45078126,0.00077275553,0.5004577,0.54808646,0.32874718,0.08836619,1.2661529,1.0
1.22824,9.357637e-05,0.59846914,0.0012913552,0.44220218,0.5619646,0.31157368,0.09325835,1.22824,2.0
1.3376812,0.00017523645,0.7100442,0.00032077907,0.3764716,0.5286443,0.30174282,0.07988134,1.3376812,3.0
1.3262285,0.00010996751,0.49114555,0.0010821229,0.48946103,0.56352305,0.33257878,0.08365433,1.3262285,4.0
1.2716475,0.000121699944,0.49253267,0.00087941356,0.49506128,0.5591388,0.36847594,0.0878256,1.2716475,5.0
1.2371116,0.00012115608,0.51413363,0.0011032562,0.45042163,0.5573121,0.32178396,0.09220875,1.2371116,6.0
1.207716,0.00014236904,0.28696522,0.00067397795,0.4497144,0.5825098,0.29066655,0.097795315,1.207716,7.0
1.2149185,0.000116702024,0.34407806,0.001467019,0.51835865,0.5567305,0.29587534,0.096421026,1.2149185,8.0
1.261345,0.00014644417,0.57719034,0.0006610052,0.44189706,0.5483076,0.30700853,0.086854115,1.261345,9.0
1.2294582,0.00011000435,0.48031336,0.00090924825,0.49111128,0.5552472,0.3138014,0.09159048,1.2294582,10.0
1.2265483,0.00012799175,0.54307395,0.00089339126,0.4518826,0.55299366,0.3033159,0.09075477,1.2265483,11.0
1.2469598,0.0001405319,0.4263502,0.0010247042,0.4545822,0.54551387,0.3319546,0.091084056,1.2469598,12.0
1.2503932,0.00011491651,0.48507765,0.0010484986,0.48203883,0.56203437,0.32169726,0.088788904,1.2503932,13.0
1.1935561,7.9268764e-05,0.4829132,0.0014007412,0.48260325,0.56813574,0.2765813,0.09735006,1.1935561,14.0
1.1799325,8.102336e-05,0.48182693,0.0018031414,0.427609,0.56132746,0.26737028,0.09808145,1.1799325,15.0
1.2505314,0.00011905845,0.58464533,0.0012818883,0.44855395,0.5183004,0.33385906,0.09088751,1.2505314,1.0
1.2710606,0.00010993981,0.46416387,0.0011230102,0.47584006,0.5267588,0.35024565,0.08674087,1.2710606,2.0
1.330807,0.00010215381,0.55416435,0.0013033863,0.4886491,0.5115478,0.31313387,0.08502312,1.330807,3.0
1.2540103,0.00010757313,0.4496614,0.0011397763,0.43371242,0.52435774,0.303956,0.08724274,1.2540103,4.0
1.221927,0.00011327824,0.38145986,0.0014326677,0.54358906,0.526507,0.33074388,0.09512689,1.221927,5.0
1.267139,0.00013253179,0.4162969,0.0013016398,0.45671296,0.5076811,0.3483415,0.08761723,1.267139,6.0
1.2607961,0.00011156927,0.4759863,0.0015430968,0.39515087,0.48859924,0.31092647,0.09059382,1.2607961,7.0
1.2089219,0.000114928254,0.5662677,0.0016609174,0.40781167,0.514907,0.28429964,0.09589565,1.2089219,8.0
1.2312169,9.830435e-05,0.21309537,0.001180035,0.296189,0.46401224,0.25602382,0.08975367,1.2312169,9.0
1.18343,9.8919e-05,0.3177851,0.0013970835,0.43438926,0.50388885,0.25439033,0.09772715,1.18343,10.0
1.2315365,0.00011177495,0.46301928,0.0013637631,0.50607276,0.5553607,0.26067185,0.09841294,1.2315365,11.0
1.2329656,0.00011339581,0.41039208,0.0012719175,0.47280592,0.52060694,0.32491735,0.090302356,1.2329656,12.0
1.2177184,0.00010835186,0.55329525,0.0013761609,0.51327664,0.51120806,0.30923015,0.09445891,1.2177184,13.0
1.2244945,0.00011227649,0.41260985,0.001285703,0.45236933,0.5180457,0.30173308,0.090724126,1.2244945,14.0
1.2448354,0.00010951292,0.4942109,0.0013557596,0.46903232,0.5104288,0.30507383,0.08942043,1.2448354,15.0
1.2688725,0.00012031996,0.60786587,0.0008941771,0.470742,0.52377665,0.35190922,0.087726936,1.2688725,1.0
1.2472284,0.00010440016,0.69497013,0.0013517456,0.47076508,0.5003261,0.30392125,0.08918738,1.2472284,2.0
1.2557476,0.00011902146,0.5210709,0.0010634651,0.4902959,0.53012365,0.33207658,0.088480644,1.2557476,3.0
1.2707902,0.0001355021,0.5857739,0.0009641808,0.49851674,0.54500526,0.36014715,0.08717077,1.2707902,4.0
1.256459,0.00013766867,0.5354208,0.0012814942,0.5070348,0.516248,0.38941196,0.09144675,1.256459,5.0
1.1990519,0.000115551265,0.63499,0.0012087573,0.5348445,0.51223475,0.34380445,0.09760362,1.1990519,6.0
1.2187719,0.0001183672,0.44371465,0.00071949454,0.4992586,0.5489505,0.33225602,0.09789863,1.2187719,7.0
1.3821733,9.3292554e-05,0.68353665,0.001375749,0.6518112,0.5262842,0.3374311,0.09725607,1.3821733,8.0
1.1898514,0.0001060065,0.59212893,0.00095938693,0.4894063,0.5401379,0.27516422,0.09845901,1.1898514,9.0
1.2340264,0.00010697605,0.62679386,0.0012181905,0.57037354,0.5287783,0.33137333,0.09611174,1.2340264,10.0
1.240083,9.737384e-05,0.61087,0.00091426336,0.54013634,0.5543301,0.3301497,0.09262932,1.240083,11.0
1.232947,0.00012156426,0.58931905,0.0010238158,0.509981,0.54075927,0.33500195,0.09130299,1.232947,12.0
1.2185302,0.00011334979,0.42366838,0.0010811769,0.5305696,0.5624096,0.31456125,0.09516186,1.2185302,13.0
1.2243799,8.1359474e-05,0.3852655,0.0006707232,0.5292441,0.5580684,0.2965462,0.09612053,1.2243799,14.0
1.2178981,0.00013159544,0.41097042,0.0008398802,0.47763643,0.5578669,0.3204882,0.0961479,1.2178981,15.0
1.3102038,0.00010065825,0.58392787,0.0010102884,0.4249511,0.5267528,0.3477729,0.086488426,1.3102038,1.0
1.2689824,0.00011433264,0.5004972,0.0008497023,0.46190593,0.5370427,0.3358977,0.08691953,1.2689824,2.0
1.3081976,0.00010098078,0.5898524,0.00034506735,0.5381297,0.54643005,0.34767494,0.08692425,1.3081976,3.0
1.3947188,9.538663e-05,0.51378614,0.0012238094,0.4410075,0.56618685,0.36802632,0.07679808,1.3947188,4.0
1.2016484,0.0001526376,0.5250202,0.0009246606,0.5518225,0.55848706,0.33943412,0.09727256,1.2016484,5.0
1.2933186,0.000119931945,0.5132479,0.0009134853,0.43906716,0.52659214,0.33754227,0.08457223,1.2933186,6.0
1.1972677,0.00013415031,0.5760288,0.0009889231,0.5501897,0.57832813,0.34370583,0.09950524,1.1972677,7.0
1.24255,0.00011334701,0.57934684,0.0006334468,0.51754016,0.5524703,0.33878323,0.09071763,1.24255,8.0
1.2325126,0.00013181179,0.4697367,0.000696698,0.58648926,0.5600481,0.3506594,0.09636833,1.2325126,9.0
1.248413,0.00012691837,0.5337792,0.0009073112,0.51833045,0.54091275,0.36184847,0.08983139,1.248413,10.0
1.214087,0.00014676915,0.580293,0.0010142857,0.50250745,0.53185517,0.33492485,0.09769853,1.214087,11.0
1.2575384,0.000116271774,0.4964753,0.00079914846,0.49047893,0.53342533,0.35120976,0.08872928,1.2575384,12.0
1.2388495,0.00010984878,0.51529324,0.0008361714,0.47247595,0.55570304,0.33151072,0.09104069,1.2388495,13.0
1.2392035,0.00012821263,0.6261589,0.00095343636,0.48065424,0.5491388,0.33448505,0.090278335,1.2392035,14.0
1.2313089,0.00012499429,0.5118705,0.000886697,0.50021714,0.5477781,0.34041262,0.09172415,1.2313089,15.0
1.2279481,7.1715964e-05,0.48079908,0.0013543395,0.50853956,0.47014952,0.31233564,0.09333481,1.2279481,1.0
1.2680436,0.00014858335,0.7295605,0.0015371867,0.38919201,0.53353655,0.29838377,0.0856108,1.2680436,2.0
1.2128303,0.00017763354,0.23119149,0.0008263774,0.56848496,0.5630703,0.33247393,0.09796802,1.2128303,3.0
1.2418038,0.000116164934,0.5053855,0.0010499288,0.49452266,0.5274416,0.34650066,0.09013625,1.2418038,4.0
1.2799106,0.000118669246,0.44804856,0.001080402,0.46573746,0.5265017,0.3304208,0.08561466,1.2799106,5.0
1.4181246,0.00013801231,0.42415652,0.0013174053,0.48967916,0.52882147,0.35772765,0.078141645,1.4181246,6.0
1.413927,9.19768e-05,0.25393364,0.0017331435,0.30037963,0.5626772,0.317943,0.080230534,1.413927,7.0
1.2488012,0.00012344569,0.48196912,0.001109446,0.4930551,0.52729464,0.33173743,0.08925186,1.2488012,8.0
1.267552,0.00012536108,0.5598353,0.0010786974,0.4737588,0.5333313,0.33776513,0.08678045,1.267552,9.0
1.2263362,0.000114370894,0.4724053,0.0010221098,0.49069896,0.5179889,0.3437901,0.09376711,1.2263362,10.0
1.2212813,0.00011477669,0.30649477,0.00063166773,0.6007391,0.56676626,0.35323322,0.098954305,1.2212813,11.0
1.1883836,6.172687e-05,0.39415127,0.0009620443,0.4038733,0.5747225,0.2520773,0.09534279,1.1883836,12.0
1.1960639,0.00010325064,0.5006515,0.00103571,0.46981364,0.557448,0.29472405,0.09933174,1.1960639,13.0
1.2262833,0.000119731354,0.47662756,0.0012298912,0.4883722,0.5203058,0.32217452,0.09149543,1.2262833,14.0
1.2836689,9.808273e-05,0.63393134,0.0010925588,0.46842557,0.5328457,0.31764197,0.085688874,1.2836689,15.0
1.3009219,0.00013154249,0.47063544,0.0011710376,0.5145741,0.52865285,0.33732238,0.086666696,1.3009219,1.0
1.4126941,0.00012624107,0.5837496,0.0012112649,0.50386566,0.5406938,0.30515558,0.083043545,1.4126941,2.0
1.2536955,9.946039e-05,0.613887,0.0011085222,0.48664066,0.5526995,0.3220685,0.08863466,1.2536955,3.0
1.2890317,3.758602e-05,0.13600251,0.00022889026,0.4429025,0.4903798,0.3029863,0.08544525,1.2890317,4.0
1.2556392,0.000106370164,0.58736026,0.00084368483,0.4564783,0.50426465,0.33900994,0.08998217,1.2556392,5.0
1.2224056,0.00015717723,0.3975105,0.0009139711,0.40965587,0.53289104,0.28675652,0.09580498,1.2224056,6.0
1.246663,0.00014052611,0.70074934,0.0014316671,0.4491891,0.49971586,0.3287736,0.09439526,1.246663,7.0
1.2419584,0.0001541102,0.6794717,0.0013118048,0.51383406,0.5079496,0.28723636,0.09427242,1.2419584,8.0
1.3179734,0.00012999705,0.42691576,0.00040492078,0.4274124,0.5005293,0.31583273,0.099935174,1.3179734,9.0
1.2223403,0.00012465732,0.48754108,0.0009437958,0.4144714,0.5217908,0.29135522,0.09163446,1.2223403,10.0
1.2450852,8.709512e-05,0.37144932,0.0006079547,0.44868958,0.5023387,0.3041847,0.08883583,1.2450852,11.0
1.2468371,0.00013775083,0.5079535,0.0010918546,0.49372056,0.5275692,0.31439108,0.09009734,1.2468371,12.0
1.1820601,0.00013182957,0.57707924,0.0015796166,0.47536463,0.47763062,0.2913301,0.09839563,1.1820601,13.0
1.224389,0.00013366691,0.46570268,0.00066086074,0.44883874,0.51229894,0.30801842,0.096065156,1.224389,14.0
1.1893759,0.00016130853,0.37062883,0.0010186826,0.4314985,0.4708694,0.27678433,0.09965543,1.1893759,15.0
1.2783808,0.00014628237,0.29622284,0.0012577337,0.47022378,0.56040657,0.2961848,0.08774722,1.2783808,1.0
1.4074405,0.000120310004,0.29241276,0.0008678307,0.35816914,0.5205468,0.3340511,0.088193804,1.4074405,2.0
1.2656308,0.00013801928,0.56153524,0.00068815355,0.46183664,0.5424458,0.34422314,0.090878494,1.2656308,3.0
1.3129344,4.37637e-05,0.90457225,0.0012116237,0.43735042,0.5160698,0.28925672,0.08411778,1.3129344,4.0
1.1858138,0.000112120426,0.64068943,0.0003267866,0.44410074,0.52274853,0.26715177,0.0994071,1.1858138,5.0
1.2709706,0.00013890822,0.5355885,0.0012013392,0.4552836,0.51406413,0.35218355,0.09033867,1.2709706,6.0
1.2601118,0.0001258194,0.35852087,0.0006397321,0.3881834,0.53998387,0.29672298,0.09050456,1.2601118,7.0
1.2384288,0.00013195722,0.69265306,0.00054745504,0.4407781,0.55314505,0.30915353,0.09172466,1.2384288,8.0
1.2499732,0.00012499672,0.5391678,0.0007403502,0.47103778,0.5437543,0.3407156,0.091014065,1.2499732,9.0
1.1909869,9.762254e-05,0.8149413,0.00054200087,0.50678664,0.551602,0.28569955,0.09844429,1.1909869,10.0
1.2266954,0.00012775025,0.46338874,0.00097024435,0.45683962,0.5493377,0.29981795,0.09069238,1.2266954,11.0
1.2124099,0.00010431921,0.57834566,0.000731879,0.5299426,0.54860973,0.33265883,0.09493272,1.2124099,12.0
1.2350957,0.00011051625,0.48276094,0.0009110651,0.49085635,0.54633546,0.3166746,0.090934,1.2350957,13.0
1.2311081,0.00012383141,0.54588956,0.00060171227,0.46133766,0.54114014,0.31923565,0.0928162,1.2311081,14.0
1.2305437,0.00011692005,0.5508172,0.0007027606,0.45831615,0.54706746,0.31687054,0.09221898,1.2305437,15.0
1.1975343,0.0001262903,0.64198655,0.0007218661,0.55243134,0.5325303,0.3288029,0.09823351,1.1975343,1.0
1.2036736,0.00010878928,0.576276,0.0007241218,0.45086122,0.49580222,0.2900933,0.09953648,1.2036736,2.0
1.2732049,9.732395e-05,0.57765085,0.00095136807,0.45533076,0.53193474,0.34297493,0.08701924,1.2732049,3.0
1.2717429,8.9826615e-05,0.5293636,0.0009218089,0.42117265,0.52106225,0.31491563,0.09536742,1.2717429,4.0
1.2338362,0.00011597865,0.56229925,0.0009867193,0.4703537,0.5267126,0.33359635,0.093456075,1.2338362,5.0
1.2117845,0.00013990844,0.41610122,0.0010682588,0.53938556,0.54693913,0.30772224,0.09726853,1.2117845,6.0
1.2439443,0.00013742072,0.65062445,0.00090623944,0.5555802,0.5416086,0.31977865,0.09427202,1.2439443,7.0
1.2312812,0.00010579354,0.55597174,0.00091430784,0.48054504,0.524095,0.32656148,0.09085357,1.2312812,8.0
1.3839998,0.00010131595,0.62596786,0.0012788307,0.49648684,0.5143765,0.30919582,0.08344873,1.3839998,9.0
1.2307028,0.00010037747,0.5755603,0.0008892104,0.5297642,0.5211792,0.3155478,0.09385254,1.2307028,10.0
1.2747688,0.00011004614,0.6073765,0.0011055766,0.5040548,0.5223963,0.3122464,0.089021735,1.2747688,11.0
1.2424283,0.000106478685,0.6451533,0.0010936304,0.4864539,0.5370605,0.31091788,0.09000976,1.2424283,12.0
1.2274343,0.00011296346,0.5672503,0.0009513234,0.50089055,0.5213572,0.3134472,0.09218731,1.2274343,13.0
1.2012368,9.193191e-05,0.41063514,0.000670617,0.4626599,0.49666423,0.30061364,0.096928075,1.2012368,14.0
1.2139577,9.818346e-05,0.6440453,0.00081165653,0.44856513,0.53968185,0.30096662,0.095312126,1.2139577,15.0
1.2703506,0.00011342196,0.5856386,0.0012078675,0.4927965,0.53528786,0.37007385,0.08751415,1.2703506,1.0
1.3433617,0.00017629312,0.38547105,0.0003072921,0.3150699,0.50660557,0.28607896,0.09076379,1.3433617,2.0
1.2711027,0.00012220057,0.5939454,0.0012140018,0.45405468,0.53059006,0.3329197,0.086150125,1.2711027,3.0
1.2209133,0.0001508829,0.7067644,0.00096461293,0.5360019,0.52432966,0.31483382,0.09479814,1.2209133,4.0
1.2493101,0.00012393486,0.5922409,0.0012547788,0.55023074,0.5317697,0.36204284,0.091105685,1.2493101,5.0
1.2501421,0.00012065713,0.5667478,0.0009658346,0.5099954,0.5264525,0.34667754,0.08944081,1.2501421,6.0
1.2064619,0.00013208919,0.654757,0.0011138434,0.60354227,0.5375446,0.37620816,0.09889995,1.2064619,7.0
1.2465396,0.00013551833,0.6064896,0.00090449373,0.4878359,0.53175986,0.3538675,0.09148883,1.2465396,8.0
1.2155657,0.00015748137,0.8918256,0.0015177208,0.5827559,0.51845586,0.3363645,0.097345516,1.2155657,9.0
1.2160777,0.00015231688,0.6317383,0.0015912065,0.50840354,0.5196834,0.3506607,0.09631635,1.2160777,10.0
1.2365129,0.00012182045,0.6208382,0.0012689778,0.51897275,0.5326848,0.36331117,0.091114715,1.2365129,11.0
1.2280366,0.00012575832,0.62665415,0.0011884832,0.5286791,0.5279129,0.3532415,0.092260644,1.2280366,12.0
1.2537799,0.00016062944,0.5302002,0.0007680646,0.4288122,0.5194132,0.31558016,0.09308009,1.2537799,13.0
1.2283622,0.00013544304,0.6746022,0.0017507107,0.58945364,0.48632848,0.35786003,0.09699309,1.2283622,14.0
1.2252839,0.00013617863,0.6280461,0.0013540292,0.5589902,0.52368075,0.3598235,0.093898065,1.2252839,15.0
1.2623895,8.117147e-05,0.48937944,0.0010118923,0.46281773,0.5548839,0.32070598,0.08710072,1.2623895,1.0
1.4660909,0.00013900899,0.7466411,0.00058004766,0.45812765,0.55959475,0.31092387,0.075968646,1.4660909,2.0
1.2917942,8.1772734e-05,0.43990678,0.0007982767,0.3899912,0.49428037,0.31166643,0.084569626,1.2917942,3.0
1.2113385,7.257023e-05,0.43403384,0.00030052918,0.49311537,0.5351255,0.31904683,0.09712513,1.2113385,4.0
1.2520672,0.00010606119,0.44783783,0.0005912103,0.5155392,0.52641445,0.37380394,0.09029212,1.2520672,5.0
1.2605,0.000116361654,0.5013877,0.00072675105,0.45137635,0.5147633,0.32589346,0.08762778,1.2605,6.0
1.2540807,8.660238e-05,0.45221138,0.0006963533,0.44338486,0.51094437,0.32306838,0.08869827,1.2540807,7.0
1.2797745,0.000117355,0.5474455,0.0008861081,0.4382111,0.5253469,0.32241106,0.08517435,1.2797745,8.0
1.2745502,3.6098194e-05,0.58759594,0.0015355631,0.5255679,0.5878973,0.3852217,0.0873154,1.2745502,9.0
1.2690063,5.1446477e-05,0.21456197,0.0002780143,0.50931644,0.49127617,0.37842494,0.09678851,1.2690063,10.0
1.2197279,4.479416e-05,0.37835702,0.00055661,0.5586156,0.5029255,0.3937773,0.098632,1.2197279,11.0
1.2536151,8.9168345e-05,0.54224056,0.0010656659,0.49326748,0.5365746,0.3675896,0.09347036,1.2536151,12.0
1.2514118,6.0672628e-05,0.5256157,0.0011212825,0.5069351,0.5569223,0.3657455,0.08958244,1.2514118,13.0
1.2418345,9.05974e-05,0.55772895,0.001071639,0.5148426,0.58932346,0.3164805,0.091512255,1.2418345,14.0
1.2381625,5.5112527e-05,0.34571892,0.00023031906,0.53658885,0.5721028,0.3079272,0.09475377,1.2381625,15.0
1.2942897,0.00013893277,0.43755504,0.0009501573,0.49768278,0.5488339,0.3553787,0.085349314,1.2942897,1.0
1.223147,8.355153e-05,0.1544714,0.00028276266,0.4296038,0.5625164,0.29173642,0.09458007,1.223147,2.0
1.3190873,9.23019e-05,0.44701755,0.0014154083,0.48951522,0.55269325,0.25449744,0.092635214,1.3190873,3.0
1.2803786,7.477193e-05,0.72124577,0.0009750808,0.55103445,0.5455178,0.3327911,0.09060997,1.2803786,4.0
1.218478,0.000164603,0.48556042,0.00050885795,0.39452145,0.58100915,0.27249482,0.09456773,1.218478,5.0
1.2024329,0.00010020347,0.60995066,0.000644457,0.4346667,0.55633014,0.27962488,0.098106526,1.2024329,6.0
1.3115321,0.0001489348,0.49259722,0.000441057,0.48706397,0.5348779,0.3903425,0.09251121,1.3115321,7.0
1.2563971,0.0001368702,0.48090562,0.00064797146,0.48032632,0.54344964,0.3519102,0.09313356,1.2563971,8.0
1.2349724,0.00013027784,0.4954143,0.0009382446,0.4849447,0.5395503,0.32241988,0.09042791,1.2349724,9.0
1.2211974,0.0001016317,0.6263653,0.0008712047,0.50723016,0.55067825,0.32437304,0.092757076,1.2211974,10.0
1.2198257,0.00012293694,0.49478406,0.0010557817,0.5178774,0.5452654,0.32327607,0.093536325,1.2198257,11.0
1.248213,0.000109643865,0.5504184,0.00082533626,0.47771516,0.55855733,0.33740878,0.08961118,1.248213,12.0
1.2110051,0.000113743066,0.67629874,0.0010689392,0.49180126,0.5631615,0.29268315,0.09418308,1.2110051,13.0
1.2351581,0.00014173177,0.84069383,0.0010461563,0.5087461,0.5606316,0.34786806,0.097592674,1.2351581,14.0
1.1948997,0.00012528834,0.7186963,0.0006308278,0.51743984,0.5685922,0.30994287,0.098168276,1.1948997,15.0
1.4542464,0.00017463374,0.15610917,0.0017654146,0.31690586,0.48519,0.3448099,0.07932608,1.4542464,1.0
1.320195,0.00014267881,0.30307263,0.0014252923,0.38948682,0.5183569,0.33375692,0.08486066,1.320195,2.0
1.2031718,3.2636093e-05,0.28109625,0.0010246136,0.49608704,0.54291815,0.27145076,0.09836514,1.2031718,3.0
1.2697436,0.000107576736,0.3471228,0.0010213117,0.48015675,0.5544424,0.34744817,0.08707083,1.2697436,4.0
1.2289891,0.00013232694,0.44660625,0.0009375565,0.42455408,0.5687602,0.29787046,0.09443221,1.2289891,5.0
1.3245108,6.482857e-05,0.46853924,0.0008072375,0.5659577,0.55408823,0.300688,0.09320118,1.3245108,6.0
1.2697166,9.985529e-05,0.31521022,0.001492242,0.386279,0.51794165,0.29666144,0.096057475,1.2697166,7.0
1.2949452,0.00012203138,0.64201975,0.0015759488,0.3127857,0.56648487,0.27104855,0.09314461,1.2949452,8.0
1.3148004,0.00013145116,0.56369,0.001204227,0.45495042,0.5430459,0.35804352,0.0951266,1.3148004,9.0
1.2676772,6.2949184e-05,0.38825572,0.0012700146,0.4490432,0.55059344,0.25907657,0.09094799,1.2676772,10.0
1.2412715,8.508307e-05,0.5141293,0.0010751222,0.48891994,0.5280729,0.3520504,0.09551077,1.2412715,11.0
1.2511133,0.00011483925,0.55563474,0.0012751123,0.45300478,0.5362463,0.32825527,0.08841319,1.2511133,12.0
1.263039,9.376192e-05,0.6265737,0.0007170926,0.5350977,0.5751407,0.32819614,0.09056181,1.263039,13.0
1.1867914,4.6671517e-05,0.37473524,0.0015084809,0.5142645,0.5588683,0.30107948,0.099828795,1.1867914,14.0
1.1927149,6.8073125e-05,0.160858,0.0014929272,0.40727282,0.5297597,0.27207077,0.09706436,1.1927149,15.0
1.2092988,0.00014125388,0.6657409,0.0013507503,0.5042025,0.53242725,0.33325097,0.09807502,1.2092988,1.0
1.1863018,0.00012698738,0.96636635,0.0009191249,0.5533118,0.5423558,0.32536677,0.09997424,1.1863018,2.0
1.2572811,0.0001427923,0.62518185,0.0015364321,0.53318524,0.5207491,0.33187276,0.09106017,1.2572811,3.0
1.2675141,0.00011207387,0.9592923,0.0006908675,0.6622293,0.47539043,0.37977785,0.09962466,1.2675141,4.0
1.2414118,0.00013813397,0.653165,0.00088157295,0.4449346,0.54074234,0.3163566,0.09020173,1.2414118,5.0
1.2551218,0.000107201755,0.5359237,0.0011895838,0.5469417,0.54116166,0.335257,0.09202825,1.2551218,6.0
1.2408886,0.00011453893,0.66317004,0.0009833667,0.4950216,0.51860577,0.34158868,0.09003443,1.2408886,7.0
1.2220712,0.00012073656,0.6749383,0.0010865069,0.50995934,0.5333128,0.35020086,0.09391758,1.2220712,8.0
1.207899,9.093068e-05,0.8386308,0.00055846095,0.5428791,0.523992,0.35244635,0.098990954,1.207899,9.0
1.2004398,9.793209e-05,0.93177074,0.00058688613,0.4929177,0.52491397,0.30605763,0.09919812,1.2004398,10.0
1.2508507,8.7582666e-05,0.5577204,0.00092825026,0.5359613,0.54420274,0.32304916,0.09216616,1.2508507,11.0
1.2177321,9.833059e-05,0.64200157,0.0009062521,0.5307674,0.5313561,0.32832652,0.09421256,1.2177321,12.0
1.2082955,0.00011056215,0.75712824,0.0009466061,0.55286163,0.51611376,0.3456983,0.09577417,1.2082955,13.0
1.2172636,0.000110673536,0.66413957,0.0010653529,0.5385873,0.5322016,0.33481276,0.09440073,1.2172636,14.0
1.2044923,0.00011455045,0.8824429,0.0007865073,0.5893871,0.50054914,0.3567002,0.09814222,1.2044923,15.0
1.265272,8.643752e-05,0.4568366,0.00057325105,0.51170397,0.55192095,0.36995903,0.08850118,1.265272,1.0
1.2290721,6.0410322e-05,0.37260112,0.0003842148,0.52762973,0.5221129,0.36352035,0.09803219,1.2290721,2.0
1.2008511,0.00013740904,0.5776568,0.0011919631,0.59545654,0.5427046,0.37445185,0.09935499,1.2008511,3.0
2.1117778,0.00010001921,0.8381545,0.00012466483,0.82379967,0.56580067,0.42428455,0.091892146,2.1117778,4.0
1.2532768,0.000115535935,0.48377863,0.00088517444,0.5108355,0.5368412,0.3664203,0.089528404,1.2532768,5.0
1.2106354,0.00015381373,0.47582412,0.0013786311,0.5387862,0.5538459,0.3160733,0.096626975,1.2106354,6.0
1.2277526,0.00014517356,0.4002749,0.0009018975,0.58224785,0.5870067,0.33690336,0.0973747,1.2277526,7.0
1.2223557,0.000103926235,0.57223433,0.0006770824,0.56611365,0.5309952,0.34198275,0.09578448,1.2223557,8.0
1.2462729,0.00010889894,0.41926914,0.0007832453,0.5193255,0.5401803,0.33652034,0.09072064,1.2462729,9.0
1.2326174,9.939365e-05,0.47187117,0.00072416384,0.53173494,0.5433929,0.36413968,0.092337266,1.2326174,10.0
1.226761,0.00012164797,0.49242166,0.0009005206,0.53344125,0.5439463,0.3574903,0.09290407,1.226761,11.0
1.2249286,0.00011597013,0.4705061,0.0008452376,0.5350864,0.5427696,0.34598362,0.09329633,1.2249286,12.0
1.218241,9.904618e-05,0.35747752,0.0009692224,0.5414181,0.52022064,0.3285433,0.095395744,1.218241,13.0
1.3056246,0.00010832455,0.6165878,0.0011784348,0.47001398,0.55449003,0.3488719,0.08344128,1.3056246,14.0
1.2431788,0.00011715527,0.56687284,0.0010511791,0.50001204,0.55358297,0.34410292,0.0899152,1.2431788,15.0
1.2032278,0.0001456681,0.46147144,0.0011372422,0.46944696,0.55274284,0.2514508,0.0983282,1.2032278,1.0
1.2734507,0.00014836635,0.38717204,0.0011642076,0.4972531,0.52861,0.37639388,0.09701088,1.2734507,2.0
1.3325781,0.00018492562,0.727311,0.00027832587,0.5977758,0.49889284,0.3082761,0.09400502,1.3325781,3.0
1.3026971,8.429295e-05,0.64084786,0.0007467673,0.44131818,0.48727468,0.3571835,0.088101245,1.3026971,4.0
1.2285905,0.00015620305,0.6608532,0.0006316379,0.5192953,0.5039346,0.31192848,0.09309529,1.2285905,5.0
1.1837846,0.0001760821,0.43001914,0.0014340695,0.45145836,0.55186975,0.25382316,0.09885548,1.1837846,6.0
1.2399334,0.00013794404,0.5381459,0.0009597658,0.47224018,0.5325087,0.33727133,0.09120335,1.2399334,7.0
1.2393632,0.00014467374,0.4572188,0.0011385084,0.4669999,0.525737,0.33167487,0.09640092,1.2393632,8.0
1.8708473,0.00019553235,0.95424056,0.00088847766,0.28195578,0.55192846,0.30900276,0.051102687,1.8708473,9.0
1.241001,0.00014629432,0.59850204,0.0011588146,0.43653792,0.51896745,0.30655226,0.08863876,1.241001,10.0
1.2197363,0.00013596824,0.589231,0.001693884,0.48205683,0.55936146,0.25002626,0.09845113,1.2197363,11.0
1.2116377,0.00014768368,0.5659066,0.0011930903,0.44956318,0.524091,0.2966796,0.092339195,1.2116377,12.0
1.2080145,0.00011655191,0.54055876,0.0013150678,0.39618024,0.5301844,0.27244654,0.09730995,1.2080145,13.0
1.2553488,0.00014441683,0.49906772,0.00090326584,0.44801018,0.5668888,0.31558523,0.08764278,1.2553488,14.0
1.2186468,0.0001402191,0.5332447,0.0011556504,0.49653536,0.5248594,0.32050747,0.0926509,1.2186468,15.0
1.2502238,0.00012646872,0.6179724,0.0002557212,0.5245119,0.59115815,0.29516298,0.093033485,1.2502238,1.0
1.2495638,0.00012765719,0.45361546,0.001121534,0.41039234,0.54760844,0.30579367,0.092014275,1.2495638,2.0
1.294467,0.00011361995,0.44799855,0.0010452763,0.4393659,0.53109187,0.33789277,0.08430639,1.294467,3.0
1.1831856,0.00014050397,0.4484095,0.00086208904,0.41310507,0.55411047,0.25826505,0.097474314,1.1831856,4.0
1.2610123,0.0001435141,0.6017228,0.0010396707,0.43598947,0.54309905,0.29560524,0.08671151,1.2610123,5.0
1.9414288,9.0985675e-05,0.9097596,0.0004119978,0.32471907,0.5674576,0.25957268,0.057401493,1.9414288,6.0
1.3229953,4.5469442e-05,0.37820786,0.0016416061,0.31170627,0.5936263,0.28474617,0.090157464,1.3229953,7.0
1.2357839,0.0001298912,0.5107727,0.00073957513,0.4449231,0.54019296,0.3049824,0.08985767,1.2357839,8.0
1.184656,0.00014824848,0.5237984,0.0006466837,0.4743222,0.56404686,0.27668515,0.09902867,1.184656,9.0
1.2231513,0.00013740142,0.6715747,0.0008788023,0.4441213,0.5465617,0.30339083,0.09507004,1.2231513,10.0
1.2522287,9.0875496e-05,0.42732656,0.0012567262,0.38371322,0.56909955,0.29216313,0.09229419,1.2522287,11.0
1.2425147,0.00012301933,0.48238233,0.000906888,0.43792263,0.5345468,0.3124347,0.08934256,1.2425147,12.0
1.2160238,0.00010824028,0.48168066,0.0009973509,0.43697682,0.55818766,0.29813865,0.09349442,1.2160238,13.0
1.2263634,0.000138487,0.53942055,0.0009887211,0.4364873,0.54177094,0.29128626,0.09018302,1.2263634,14.0
1.2079468,0.00010430035,0.60892093,0.00086124236,0.5074132,0.5377373,0.30474398,0.095080696,1.2079468,15.0
1.3430237,0.00013638099,0.39559367,0.00068781816,0.52279466,0.53554446,0.36684972,0.083322205,1.3430237,1.0
2.4364178,0.000102962105,0.47948226,0.0014522024,0.61879414,0.5416523,0.3140879,0.06434837,2.4364178,2.0
1.2685902,0.00014862849,0.5148241,0.0008233099,0.47112113,0.4879597,0.34907973,0.09635114,1.2685902,3.0
1.270982,0.00012851451,0.5052348,0.00073355774,0.5027299,0.5265244,0.3422239,0.08762836,1.270982,4.0
1.2496328,0.00014546353,0.53071797,0.00029688765,0.5325882,0.48942214,0.31053877,0.09315045,1.2496328,5.0
1.2781175,0.00015375274,0.48982045,0.0007943341,0.46737838,0.506588,0.36215317,0.09088117,1.2781175,6.0
1.2698164,0.000104580795,0.5363382,0.00081443303,0.50191927,0.4816298,0.38344702,0.08837332,1.2698164,7.0
1.2511321,0.00012625969,0.3857603,0.00063394295,0.40480775,0.50198936,0.30325443,0.09156263,1.2511321,8.0
1.2605907,0.00013670567,0.48650154,0.00094892766,0.50029325,0.502448,0.36245248,0.08828106,1.2605907,9.0
1.2430391,0.00013920218,0.5413646,0.0007564239,0.48575562,0.50619185,0.34812886,0.09112781,1.2430391,10.0
1.2354069,9.0102076e-05,0.80037224,0.0006965628,0.5756729,0.51161927,0.3493095,0.09459715,1.2354069,11.0
1.238097,0.000107266416,0.60845995,0.00063242693,0.47999823,0.50205755,0.3166544,0.09012151,1.238097,12.0
1.2004958,0.000104853636,0.75594586,0.00041756636,0.50478053,0.5131542,0.2917054,0.096578136,1.2004958,13.0
1.2362858,0.00013199412,0.6772557,0.0006389164,0.4631091,0.53424346,0.30893034,0.08968896,1.2362858,14.0
1.2583654,0.00011226968,0.5333532,0.00077285676,0.46481568,0.5114881,0.32993552,0.08781379,1.2583654,15.0
1.2796055,0.000109245055,0.5051664,0.0012418401,0.43161917,0.55238104,0.33042046,0.093579546,1.2796055,1.0
2.5222635,0.00014951173,0.62999684,0.00010585704,0.80333924,0.5625599,0.3083905,0.08269691,2.5222635,2.0
1.2602137,0.00010175977,0.5675167,0.0011535852,0.47887295,0.55114293,0.3297263,0.08758408,1.2602137,3.0
1.2455448,0.00011288781,0.6510781,0.0009849637,0.4724153,0.53854823,0.34167367,0.09295435,1.2455448,4.0
